datetime,hub_price
2020-01-01 00:00:00,57.90389372278521
2020-01-01 01:00:00,53.16854782993869
2020-01-01 02:00:00,50.106973274677856
2020-01-01 03:00:00,54.937779509742725
2020-01-01 04:00:00,59.71339547115498
2020-01-01 05:00:00,55.31610957679595
2020-01-01 06:00:00,56.83507501539615
2020-01-01 07:00:00,48.54447961549346
2020-01-01 08:00:00,56.98709233176343
2020-01-01 09:00:00,66.19829887704171
2020-01-01 10:00:00,62.97593832390985
2020-01-01 11:00:00,62.25979195809818
2020-01-01 12:00:00,59.37679354749582
2020-01-01 13:00:00,53.94626644342662
2020-01-01 14:00:00,56.01945873333689
2020-01-01 15:00:00,60.764609706051175
2020-01-01 16:00:00,65.89112258615778
2020-01-01 17:00:00,55.73681401291906
2020-01-01 18:00:00,54.456174049078
2020-01-01 19:00:00,52.805467334677246
2020-01-01 20:00:00,119.64244800552416
2020-01-01 21:00:00,60.63671822754917
2020-01-01 22:00:00,65.16001882250576
2020-01-01 23:00:00,64.26815791499007
2020-01-02 00:00:00,57.46862974993377
2020-01-02 01:00:00,49.07149354298195
2020-01-02 02:00:00,61.39819938050714
2020-01-02 03:00:00,59.009192280350256
2020-01-02 04:00:00,63.60655500456632
2020-01-02 05:00:00,57.46152390812274
2020-01-02 06:00:00,66.0151549888857
2020-01-02 07:00:00,70.05754526905764
2020-01-02 08:00:00,53.4922288829925
2020-01-02 09:00:00,56.722353143503845
2020-01-02 10:00:00,54.00025090532401
2020-01-02 11:00:00,52.469398548207096
2020-01-02 12:00:00,54.20313823403595
2020-01-02 13:00:00,51.47452581668885
2020-01-02 14:00:00,62.33882979958455
2020-01-02 15:00:00,54.78722059793154
2020-01-02 16:00:00,53.03201888579679
2020-01-02 17:00:00,63.53901953892979
2020-01-02 18:00:00,61.23667952789863
2020-01-02 19:00:00,58.4711958341841
2020-01-02 20:00:00,54.22330610388476
2020-01-02 21:00:00,53.76697403549444
2020-01-02 22:00:00,59.11985972797746
2020-01-02 23:00:00,58.15900333675965
2020-01-03 00:00:00,58.45650001245371
2020-01-03 01:00:00,58.51338802372564
2020-01-03 02:00:00,57.70295975265166
2020-01-03 03:00:00,57.86321177491044
2020-01-03 04:00:00,59.022552693208
2020-01-03 05:00:00,61.80368907814927
2020-01-03 06:00:00,65.37723225379182
2020-01-03 07:00:00,59.06444256040029
2020-01-03 08:00:00,58.51279440326341
2020-01-03 09:00:00,61.40629536346755
2020-01-03 10:00:00,58.41660646374584
2020-01-03 11:00:00,63.03454359106408
2020-01-03 12:00:00,60.519612795977665
2020-01-03 13:00:00,59.67934998211538
2020-01-03 14:00:00,57.08664409544593
2020-01-03 15:00:00,59.82405462207878
2020-01-03 16:00:00,61.793475384737405
2020-01-03 17:00:00,57.742461244300564
2020-01-03 18:00:00,59.281700469421246
2020-01-03 19:00:00,58.85319790468122
2020-01-03 20:00:00,61.005556813813115
2020-01-03 21:00:00,59.89177622248929
2020-01-03 22:00:00,59.89792757133386
2020-01-03 23:00:00,62.00862096212908
2020-01-04 00:00:00,60.143139698475565
2020-01-04 01:00:00,61.868566708395385
2020-01-04 02:00:00,63.336648367347614
2020-01-04 03:00:00,61.384389236051355
2020-01-04 04:00:00,63.13500967579766
2020-01-04 05:00:00,60.500735725265045
2020-01-04 06:00:00,62.061437785494604
2020-01-04 07:00:00,60.76179129091641
2020-01-04 08:00:00,58.760582556216654
2020-01-04 09:00:00,61.73398875616827
2020-01-04 10:00:00,58.522624559954494
2020-01-04 11:00:00,60.381689005976746
2020-01-04 12:00:00,58.372179819553516
2020-01-04 13:00:00,60.55707742345335
2020-01-04 14:00:00,63.036631864891106
2020-01-04 15:00:00,59.002516757557935
2020-01-04 16:00:00,63.75447123578682
2020-01-04 17:00:00,62.689367313148274
2020-01-04 18:00:00,62.13382446992188
2020-01-04 19:00:00,59.45605818581735
2020-01-04 20:00:00,60.927939193503164
2020-01-04 21:00:00,62.29296358204592
2020-01-04 22:00:00,61.18281063547689
2020-01-04 23:00:00,61.71893497899759
2020-01-05 00:00:00,59.506611622814866
2020-01-05 01:00:00,58.144441072376054
2020-01-05 02:00:00,66.50740329103667
2020-01-05 03:00:00,60.65234654185476
2020-01-05 04:00:00,60.68229743703242
2020-01-05 05:00:00,59.57755212770824
2020-01-05 06:00:00,61.904477177647635
2020-01-05 07:00:00,65.53991060092183
2020-01-05 08:00:00,63.787148596345915
2020-01-05 09:00:00,63.738197469681104
2020-01-05 10:00:00,62.85978983124498
2020-01-05 11:00:00,61.17555635295082
2020-01-05 12:00:00,63.87625944132703
2020-01-05 13:00:00,61.01252024795125
2020-01-05 14:00:00,64.86232708345845
2020-01-05 15:00:00,62.50681550933004
2020-01-05 16:00:00,64.6048363238455
2020-01-05 17:00:00,65.44811179132058
2020-01-05 18:00:00,64.25092635491372
2020-01-05 19:00:00,67.05904617833895
2020-01-05 20:00:00,64.45307414873255
2020-01-05 21:00:00,64.08995175365025
2020-01-05 22:00:00,62.04184097558009
2020-01-05 23:00:00,61.33139389561171
2020-01-06 00:00:00,64.23074355213389
2020-01-06 01:00:00,64.91980902145707
2020-01-06 02:00:00,63.87567561146084
2020-01-06 03:00:00,63.63554004226064
2020-01-06 04:00:00,63.57464202692538
2020-01-06 05:00:00,63.45775177341203
2020-01-06 06:00:00,66.57383231581483
2020-01-06 07:00:00,60.41320612155258
2020-01-06 08:00:00,67.32091730459457
2020-01-06 09:00:00,62.75269504494006
2020-01-06 10:00:00,64.7280271639042
2020-01-06 11:00:00,63.734858075024576
2020-01-06 12:00:00,62.654057381081145
2020-01-06 13:00:00,61.99131077717112
2020-01-06 14:00:00,62.978669208985494
2020-01-06 15:00:00,65.27227405926105
2020-01-06 16:00:00,64.52795431634871
2020-01-06 17:00:00,64.82503506126697
2020-01-06 18:00:00,65.17888026316169
2020-01-06 19:00:00,62.33106878688454
2020-01-06 20:00:00,64.99016030153109
2020-01-06 21:00:00,62.59577301283428
2020-01-06 22:00:00,65.213282410193
2020-01-06 23:00:00,63.88722395372583
2020-01-07 00:00:00,62.669114824869155
2020-01-07 01:00:00,65.414632261799
2020-01-07 02:00:00,61.252039090320224
2020-01-07 03:00:00,66.0699521331385
2020-01-07 04:00:00,64.77226947665683
2020-01-07 05:00:00,63.06253710664828
2020-01-07 06:00:00,61.35676453117031
2020-01-07 07:00:00,61.44084314720447
2020-01-07 08:00:00,65.43186066205689
2020-01-07 09:00:00,62.89708037164276
2020-01-07 10:00:00,64.06509794853481
2020-01-07 11:00:00,63.914886479318085
2020-01-07 12:00:00,68.21426206884576
2020-01-07 13:00:00,61.34594160210819
2020-01-07 14:00:00,62.160809275734124
2020-01-07 15:00:00,66.10472331741586
2020-01-07 16:00:00,63.47272827824761
2020-01-07 17:00:00,63.981892720101186
2020-01-07 18:00:00,62.33195632012593
2020-01-07 19:00:00,65.44805943822345
2020-01-07 20:00:00,66.01751690963464
2020-01-07 21:00:00,62.68222529388593
2020-01-07 22:00:00,62.86599520969963
2020-01-07 23:00:00,65.00747410140453
2020-01-08 00:00:00,61.33542996544248
2020-01-08 01:00:00,63.84461664657796
2020-01-08 02:00:00,64.62393688537601
2020-01-08 03:00:00,62.01935127821522
2020-01-08 04:00:00,65.28577235835057
2020-01-08 05:00:00,63.17197638387463
2020-01-08 06:00:00,64.88878762531905
2020-01-08 07:00:00,64.96238768026026
2020-01-08 08:00:00,62.71000879424282
2020-01-08 09:00:00,65.13033817900677
2020-01-08 10:00:00,67.76639149376169
2020-01-08 11:00:00,63.86958872651792
2020-01-08 12:00:00,63.9656092612144
2020-01-08 13:00:00,65.41684999794882
2020-01-08 14:00:00,59.94613565536755
2020-01-08 15:00:00,62.67803861023395
2020-01-08 16:00:00,65.15193142500601
2020-01-08 17:00:00,63.881624831028944
2020-01-08 18:00:00,62.59894171778548
2020-01-08 19:00:00,62.09363587714519
2020-01-08 20:00:00,62.56107005308018
2020-01-08 21:00:00,62.696120622173595
2020-01-08 22:00:00,60.153559783555934
2020-01-08 23:00:00,65.52108075014978
2020-01-09 00:00:00,65.63908179601098
2020-01-09 01:00:00,60.77184366458282
2020-01-09 02:00:00,60.17378701838216
2020-01-09 03:00:00,62.2351449068642
2020-01-09 04:00:00,64.48987599139791
2020-01-09 05:00:00,65.31847322666512
2020-01-09 06:00:00,63.9321222221275
2020-01-09 07:00:00,61.083269764583385
2020-01-09 08:00:00,66.52213403574501
2020-01-09 09:00:00,62.04981494926062
2020-01-09 10:00:00,63.16963410972822
2020-01-09 11:00:00,61.74726700091365
2020-01-09 12:00:00,64.89502587909213
2020-01-09 13:00:00,61.11177699213408
2020-01-09 14:00:00,63.54059693908439
2020-01-09 15:00:00,63.55216064297129
2020-01-09 16:00:00,61.82271280951618
2020-01-09 17:00:00,63.70901815310717
2020-01-09 18:00:00,62.95872631808391
2020-01-09 19:00:00,61.33976403319712
2020-01-09 20:00:00,62.733488752145696
2020-01-09 21:00:00,61.43643386151016
2020-01-09 22:00:00,63.57629931472036
2020-01-09 23:00:00,61.86052306046969
2020-01-10 00:00:00,59.73155342371357
2020-01-10 01:00:00,64.3043078839482
2020-01-10 02:00:00,62.36842193080347
2020-01-10 03:00:00,61.81589156582747
2020-01-10 04:00:00,63.43115532963133
2020-01-10 05:00:00,63.74497896355801
2020-01-10 06:00:00,61.07715312412698
2020-01-10 07:00:00,64.82985916957536
2020-01-10 08:00:00,62.39880185441157
2020-01-10 09:00:00,62.36426457967256
2020-01-10 10:00:00,63.003821496905594
2020-01-10 11:00:00,62.30981314338642
2020-01-10 12:00:00,64.40400461481897
2020-01-10 13:00:00,64.43707693405311
2020-01-10 14:00:00,61.95326603885084
2020-01-10 15:00:00,65.09446142983141
2020-01-10 16:00:00,63.81249879134911
2020-01-10 17:00:00,61.72314936143341
2020-01-10 18:00:00,63.19403760659414
2020-01-10 19:00:00,57.9905187485948
2020-01-10 20:00:00,59.19549381428588
2020-01-10 21:00:00,58.99915754386511
2020-01-10 22:00:00,59.96668888667023
2020-01-10 23:00:00,61.13640535863019
2020-01-11 00:00:00,61.392069867310525
2020-01-11 01:00:00,58.48314468742655
2020-01-11 02:00:00,61.54627555188511
2020-01-11 03:00:00,59.67042014991544
2020-01-11 04:00:00,65.68000203800622
2020-01-11 05:00:00,60.149154099305306
2020-01-11 06:00:00,62.768371718863
2020-01-11 07:00:00,61.22480686576052
2020-01-11 08:00:00,56.16531596751746
2020-01-11 09:00:00,58.65539796906905
2020-01-11 10:00:00,59.0974569882443
2020-01-11 11:00:00,63.23563488414781
2020-01-11 12:00:00,61.47017713070335
2020-01-11 13:00:00,61.99865914999076
2020-01-11 14:00:00,56.126796294907365
2020-01-11 15:00:00,61.86292698988837
2020-01-11 16:00:00,59.503498965452515
2020-01-11 17:00:00,62.864635509675594
2020-01-11 18:00:00,59.995595658998255
2020-01-11 19:00:00,61.34818517784651
2020-01-11 20:00:00,59.303073981448385
2020-01-11 21:00:00,57.51137106485076
2020-01-11 22:00:00,60.576233832306116
2020-01-11 23:00:00,55.333596023272875
2020-01-12 00:00:00,60.196946117221025
2020-01-12 01:00:00,59.736994037863525
2020-01-12 02:00:00,59.381331744034725
2020-01-12 03:00:00,54.72724156815743
2020-01-12 04:00:00,60.60699420268753
2020-01-12 05:00:00,62.44186643021496
2020-01-12 06:00:00,61.707723117473456
2020-01-12 07:00:00,58.80785457199685
2020-01-12 08:00:00,56.78183615513971
2020-01-12 09:00:00,59.98908166485661
2020-01-12 10:00:00,57.19864123722033
2020-01-12 11:00:00,60.74901405196526
2020-01-12 12:00:00,58.412644206296065
2020-01-12 13:00:00,60.520005676346685
2020-01-12 14:00:00,55.60358392952482
2020-01-12 15:00:00,59.015327487602406
2020-01-12 16:00:00,59.319726187039315
2020-01-12 17:00:00,58.58758863907554
2020-01-12 18:00:00,62.049607543616645
2020-01-12 19:00:00,58.127001967766816
2020-01-12 20:00:00,56.66235415320316
2020-01-12 21:00:00,58.58188844311614
2020-01-12 22:00:00,55.528343479869676
2020-01-12 23:00:00,55.36603880906117
2020-01-13 00:00:00,53.28788996878802
2020-01-13 01:00:00,54.607822396561325
2020-01-13 02:00:00,58.85962536971565
2020-01-13 03:00:00,57.23917285184999
2020-01-13 04:00:00,55.33368723621368
2020-01-13 05:00:00,61.483218595137394
2020-01-13 06:00:00,56.744747734103136
2020-01-13 07:00:00,56.52611277557049
2020-01-13 08:00:00,56.45834091714827
2020-01-13 09:00:00,54.723000796301825
2020-01-13 10:00:00,55.37860116846271
2020-01-13 11:00:00,53.19514288145399
2020-01-13 12:00:00,54.83982148515477
2020-01-13 13:00:00,58.966990894214305
2020-01-13 14:00:00,59.20270672111782
2020-01-13 15:00:00,54.18049426268924
2020-01-13 16:00:00,56.121931737860734
2020-01-13 17:00:00,60.7225833060699
2020-01-13 18:00:00,59.312332900370265
2020-01-13 19:00:00,56.14994899332791
2020-01-13 20:00:00,55.58830802011518
2020-01-13 21:00:00,59.05225077576245
2020-01-13 22:00:00,54.25783120659
2020-01-13 23:00:00,57.356123939023135
2020-01-14 00:00:00,53.5635424468408
2020-01-14 01:00:00,59.623570276737986
2020-01-14 02:00:00,56.46813613274886
2020-01-14 03:00:00,55.79381686507406
2020-01-14 04:00:00,59.83841560546568
2020-01-14 05:00:00,56.27574495904503
2020-01-14 06:00:00,55.69078252566129
2020-01-14 07:00:00,54.7961592450128
2020-01-14 08:00:00,55.85471617797833
2020-01-14 09:00:00,52.05468594919432
2020-01-14 10:00:00,57.56680583294061
2020-01-14 11:00:00,57.451205922277225
2020-01-14 12:00:00,54.69952660724832
2020-01-14 13:00:00,51.226107619443816
2020-01-14 14:00:00,57.10835504862744
2020-01-14 15:00:00,51.439080901274224
2020-01-14 16:00:00,52.61467486647054
2020-01-14 17:00:00,55.006712077558966
2020-01-14 18:00:00,53.807475246028446
2020-01-14 19:00:00,56.01410387832816
2020-01-14 20:00:00,53.92414898656446
2020-01-14 21:00:00,56.13719763719247
2020-01-14 22:00:00,57.49232397141695
2020-01-14 23:00:00,55.65122075102464
2020-01-15 00:00:00,56.829228807433154
2020-01-15 01:00:00,56.73874742473876
2020-01-15 02:00:00,55.8975336477716
2020-01-15 03:00:00,56.93063975433297
2020-01-15 04:00:00,56.56778281708412
2020-01-15 05:00:00,51.2544523676738
2020-01-15 06:00:00,55.80395595290499
2020-01-15 07:00:00,52.02709736463907
2020-01-15 08:00:00,53.31484659583013
2020-01-15 09:00:00,55.401591974378896
2020-01-15 10:00:00,53.17942352224962
2020-01-15 11:00:00,52.21300211527829
2020-01-15 12:00:00,56.83999404236342
2020-01-15 13:00:00,57.127127728146185
2020-01-15 14:00:00,52.66259973086888
2020-01-15 15:00:00,52.42979939532592
2020-01-15 16:00:00,55.59749848135598
2020-01-15 17:00:00,52.699119428543234
2020-01-15 18:00:00,53.20338025091815
2020-01-15 19:00:00,52.48592500025479
2020-01-15 20:00:00,52.56533642501309
2020-01-15 21:00:00,56.00667884215829
2020-01-15 22:00:00,53.26140285664164
2020-01-15 23:00:00,50.37235689776421
2020-01-16 00:00:00,54.62778014233474
2020-01-16 01:00:00,52.939291125433094
2020-01-16 02:00:00,58.096544928003595
2020-01-16 03:00:00,53.998914496712196
2020-01-16 04:00:00,59.91453321052232
2020-01-16 05:00:00,53.429748674366294
2020-01-16 06:00:00,52.586320342794764
2020-01-16 07:00:00,52.839786868297814
2020-01-16 08:00:00,50.779304925868075
2020-01-16 09:00:00,51.75706649588816
2020-01-16 10:00:00,51.04075726682599
2020-01-16 11:00:00,51.5521916777525
2020-01-16 12:00:00,48.41586356550223
2020-01-16 13:00:00,57.01564336512234
2020-01-16 14:00:00,52.55568434178841
2020-01-16 15:00:00,49.89207056165714
2020-01-16 16:00:00,55.55667215661472
2020-01-16 17:00:00,54.298944068505484
2020-01-16 18:00:00,49.09661317625728
2020-01-16 19:00:00,53.695350233503376
2020-01-16 20:00:00,56.595220972631516
2020-01-16 21:00:00,54.56501974586347
2020-01-16 22:00:00,53.47904903565015
2020-01-16 23:00:00,53.195313978432615
2020-01-17 00:00:00,52.02496320327013
2020-01-17 01:00:00,55.41670372237836
2020-01-17 02:00:00,54.28094945412796
2020-01-17 03:00:00,53.095934185720395
2020-01-17 04:00:00,56.43540113049972
2020-01-17 05:00:00,55.016168457326984
2020-01-17 06:00:00,56.906709072339
2020-01-17 07:00:00,57.9933955419626
2020-01-17 08:00:00,58.57748302551744
2020-01-17 09:00:00,52.462810755397925
2020-01-17 10:00:00,53.119705538643466
2020-01-17 11:00:00,54.4700887356454
2020-01-17 12:00:00,55.99289773506423
2020-01-17 13:00:00,53.71205353392726
2020-01-17 14:00:00,50.447575753278315
2020-01-17 15:00:00,51.89889107442407
2020-01-17 16:00:00,49.85290607799736
2020-01-17 17:00:00,53.02183062137286
2020-01-17 18:00:00,56.2211034354663
2020-01-17 19:00:00,53.5709187449895
2020-01-17 20:00:00,54.30275226828362
2020-01-17 21:00:00,56.86185758790217
2020-01-17 22:00:00,50.81326052530201
2020-01-17 23:00:00,53.27329953958976
2020-01-18 00:00:00,52.28609017654852
2020-01-18 01:00:00,55.112454185789595
2020-01-18 02:00:00,53.17169261631569
2020-01-18 03:00:00,55.578608708886534
2020-01-18 04:00:00,54.92340519581631
2020-01-18 05:00:00,57.68357466365249
2020-01-18 06:00:00,58.80540040226515
2020-01-18 07:00:00,54.43658451596439
2020-01-18 08:00:00,58.81969492560983
2020-01-18 09:00:00,55.237901406603264
2020-01-18 10:00:00,56.114928057281816
2020-01-18 11:00:00,56.18875889250221
2020-01-18 12:00:00,56.791787254550904
2020-01-18 13:00:00,58.52961390421308
2020-01-18 14:00:00,51.98927267152443
2020-01-18 15:00:00,56.732398861801094
2020-01-18 16:00:00,56.62652515090144
2020-01-18 17:00:00,57.62158846328483
2020-01-18 18:00:00,54.1365088046185
2020-01-18 19:00:00,57.18799821448842
2020-01-18 20:00:00,56.42941206172429
2020-01-18 21:00:00,56.29368810378122
2020-01-18 22:00:00,56.310099057896494
2020-01-18 23:00:00,54.662753959617575
2020-01-19 00:00:00,58.26849585507555
2020-01-19 01:00:00,57.98030941768576
2020-01-19 02:00:00,56.00493400378137
2020-01-19 03:00:00,57.598543622252784
2020-01-19 04:00:00,56.51638627743692
2020-01-19 05:00:00,52.80800439501108
2020-01-19 06:00:00,57.988505793477856
2020-01-19 07:00:00,58.676538183991454
2020-01-19 08:00:00,55.447914281513626
2020-01-19 09:00:00,56.52254500853862
2020-01-19 10:00:00,54.95316882925295
2020-01-19 11:00:00,57.69070421244239
2020-01-19 12:00:00,54.40933802902948
2020-01-19 13:00:00,58.71835254345906
2020-01-19 14:00:00,57.53026366795699
2020-01-19 15:00:00,56.717547526643806
2020-01-19 16:00:00,53.75657716315408
2020-01-19 17:00:00,56.422366060433404
2020-01-19 18:00:00,56.59340804107281
2020-01-19 19:00:00,58.26146308973197
2020-01-19 20:00:00,58.69165887068983
2020-01-19 21:00:00,55.04162870806189
2020-01-19 22:00:00,54.933432697878246
2020-01-19 23:00:00,54.994486355660996
2020-01-20 00:00:00,59.34677909239007
2020-01-20 01:00:00,58.199404140674446
2020-01-20 02:00:00,57.24924981008238
2020-01-20 03:00:00,57.601447581453904
2020-01-20 04:00:00,56.88730864495726
2020-01-20 05:00:00,59.25071362757046
2020-01-20 06:00:00,58.26667834574986
2020-01-20 07:00:00,62.697109788257045
2020-01-20 08:00:00,54.31129634437618
2020-01-20 09:00:00,56.936146950727675
2020-01-20 10:00:00,60.73189859358736
2020-01-20 11:00:00,58.386499243528135
2020-01-20 12:00:00,57.33074978772251
2020-01-20 13:00:00,58.84329934958016
2020-01-20 14:00:00,58.550360047069454
2020-01-20 15:00:00,60.09067993503555
2020-01-20 16:00:00,57.44286442483944
2020-01-20 17:00:00,56.51984717594255
2020-01-20 18:00:00,54.86844353143723
2020-01-20 19:00:00,56.8569236386702
2020-01-20 20:00:00,59.924206428871855
2020-01-20 21:00:00,55.98225263772934
2020-01-20 22:00:00,57.72209494011255
2020-01-20 23:00:00,57.42496217400092
2020-01-21 00:00:00,59.040587865748684
2020-01-21 01:00:00,52.846992097101065
2020-01-21 02:00:00,57.82452630890019
2020-01-21 03:00:00,60.52464715212968
2020-01-21 04:00:00,59.99750200021866
2020-01-21 05:00:00,59.772867565457176
2020-01-21 06:00:00,57.93592106853103
2020-01-21 07:00:00,56.787890998182434
2020-01-21 08:00:00,58.74065251415086
2020-01-21 09:00:00,61.439484321548164
2020-01-21 10:00:00,58.46132507820659
2020-01-21 11:00:00,59.232300391148826
2020-01-21 12:00:00,57.596817180924184
2020-01-21 13:00:00,58.41415666056481
2020-01-21 14:00:00,60.93411676965979
2020-01-21 15:00:00,61.21620871760586
2020-01-21 16:00:00,61.556481234701884
2020-01-21 17:00:00,59.99218385498545
2020-01-21 18:00:00,61.1851521804586
2020-01-21 19:00:00,61.46947393238041
2020-01-21 20:00:00,61.96844297442721
2020-01-21 21:00:00,64.60746017872599
2020-01-21 22:00:00,58.084767450066046
2020-01-21 23:00:00,56.8247032943335
2020-01-22 00:00:00,59.327354090658986
2020-01-22 01:00:00,60.07067975550762
2020-01-22 02:00:00,58.9478258901841
2020-01-22 03:00:00,62.464858525460066
2020-01-22 04:00:00,62.18890308284331
2020-01-22 05:00:00,61.06264581862098
2020-01-22 06:00:00,59.04517680227446
2020-01-22 07:00:00,58.88359297961016
2020-01-22 08:00:00,61.67600644347112
2020-01-22 09:00:00,61.108179539677806
2020-01-22 10:00:00,59.7477941926827
2020-01-22 11:00:00,64.62757222956083
2020-01-22 12:00:00,63.363169105642
2020-01-22 13:00:00,62.31177355028656
2020-01-22 14:00:00,64.02762212995133
2020-01-22 15:00:00,61.95963859563573
2020-01-22 16:00:00,58.804186725571384
2020-01-22 17:00:00,60.92486413510919
2020-01-22 18:00:00,61.905669746902355
2020-01-22 19:00:00,59.39015094529123
2020-01-22 20:00:00,58.34230808335931
2020-01-22 21:00:00,62.7743784643573
2020-01-22 22:00:00,62.21651673654467
2020-01-22 23:00:00,62.69116738778244
2020-01-23 00:00:00,61.358478578220435
2020-01-23 01:00:00,64.46169891758247
2020-01-23 02:00:00,60.8596812666063
2020-01-23 03:00:00,64.33289676539457
2020-01-23 04:00:00,61.96648042036799
2020-01-23 05:00:00,63.13126573065661
2020-01-23 06:00:00,61.55381923229237
2020-01-23 07:00:00,65.16556828091434
2020-01-23 08:00:00,63.52981866802999
2020-01-23 09:00:00,64.35058862135689
2020-01-23 10:00:00,61.55494563710078
2020-01-23 11:00:00,61.11058030405505
2020-01-23 12:00:00,64.82281019634988
2020-01-23 13:00:00,63.265291476721
2020-01-23 14:00:00,62.533352644155656
2020-01-23 15:00:00,62.40764462782349
2020-01-23 16:00:00,61.63010633571973
2020-01-23 17:00:00,66.06158014497136
2020-01-23 18:00:00,63.76843701177623
2020-01-23 19:00:00,62.818109917619324
2020-01-23 20:00:00,63.14299332236305
2020-01-23 21:00:00,66.69450297260634
2020-01-23 22:00:00,63.87652346549646
2020-01-23 23:00:00,61.320616928196586
2020-01-24 00:00:00,62.21219611264382
2020-01-24 01:00:00,65.40321301323822
2020-01-24 02:00:00,65.41563621019934
2020-01-24 03:00:00,64.46457624330593
2020-01-24 04:00:00,65.50946260628228
2020-01-24 05:00:00,63.7432361600982
2020-01-24 06:00:00,61.80917754351367
2020-01-24 07:00:00,65.90386914312488
2020-01-24 08:00:00,60.78005518285729
2020-01-24 09:00:00,62.274997091464684
2020-01-24 10:00:00,64.74698891193106
2020-01-24 11:00:00,64.60514855189244
2020-01-24 12:00:00,62.36267209756833
2020-01-24 13:00:00,64.41017769143936
2020-01-24 14:00:00,64.94684221817121
2020-01-24 15:00:00,62.75513540926967
2020-01-24 16:00:00,64.04507283950495
2020-01-24 17:00:00,65.42860664724238
2020-01-24 18:00:00,60.16905776836088
2020-01-24 19:00:00,64.70802356017059
2020-01-24 20:00:00,64.92465799334106
2020-01-24 21:00:00,60.236129462763344
2020-01-24 22:00:00,64.26373407612051
2020-01-24 23:00:00,69.4125772491812
2020-01-25 00:00:00,64.26957493723845
2020-01-25 01:00:00,65.01707504740934
2020-01-25 02:00:00,66.85097513166143
2020-01-25 03:00:00,63.52201377715452
2020-01-25 04:00:00,61.276362261649396
2020-01-25 05:00:00,61.16579701682391
2020-01-25 06:00:00,65.62334978281334
2020-01-25 07:00:00,66.40026809673934
2020-01-25 08:00:00,62.89293850048963
2020-01-25 09:00:00,66.731339988234
2020-01-25 10:00:00,65.50784350608534
2020-01-25 11:00:00,63.33837039095048
2020-01-25 12:00:00,66.40368841371833
2020-01-25 13:00:00,65.77018712283788
2020-01-25 14:00:00,61.296996305733515
2020-01-25 15:00:00,64.26315163657472
2020-01-25 16:00:00,64.02240347413023
2020-01-25 17:00:00,63.553904913476174
2020-01-25 18:00:00,63.390267086579236
2020-01-25 19:00:00,62.30690070426537
2020-01-25 20:00:00,60.201415910706146
2020-01-25 21:00:00,64.78345713693209
2020-01-25 22:00:00,65.10213619336479
2020-01-25 23:00:00,59.79623706204311
2020-01-26 00:00:00,63.38640665682997
2020-01-26 01:00:00,65.1768146289476
2020-01-26 02:00:00,64.77790759084522
2020-01-26 03:00:00,62.320410535256265
2020-01-26 04:00:00,66.14122841387655
2020-01-26 05:00:00,62.14229136708006
2020-01-26 06:00:00,62.336146320669044
2020-01-26 07:00:00,64.4399747862741
2020-01-26 08:00:00,62.34448932821705
2020-01-26 09:00:00,66.10128255386888
2020-01-26 10:00:00,61.599342982331784
2020-01-26 11:00:00,63.96638353360025
2020-01-26 12:00:00,64.76804003519545
2020-01-26 13:00:00,63.903047174530705
2020-01-26 14:00:00,63.26862085145565
2020-01-26 15:00:00,64.37886108812735
2020-01-26 16:00:00,67.07825292150297
2020-01-26 17:00:00,65.09946476879007
2020-01-26 18:00:00,62.77626288186547
2020-01-26 19:00:00,62.69963196412835
2020-01-26 20:00:00,63.73583186111594
2020-01-26 21:00:00,60.390641770935005
2020-01-26 22:00:00,66.0696922485193
2020-01-26 23:00:00,63.33294216724403
2020-01-27 00:00:00,61.056185695874476
2020-01-27 01:00:00,63.32260241987453
2020-01-27 02:00:00,59.675726314635305
2020-01-27 03:00:00,62.6604474513128
2020-01-27 04:00:00,64.1359870852859
2020-01-27 05:00:00,64.13493661832356
2020-01-27 06:00:00,66.6116045856946
2020-01-27 07:00:00,61.69299302527655
2020-01-27 08:00:00,62.540822351906925
2020-01-27 09:00:00,58.52267023730572
2020-01-27 10:00:00,61.97201574224629
2020-01-27 11:00:00,63.19417844333426
2020-01-27 12:00:00,66.42113640768711
2020-01-27 13:00:00,62.86978971527125
2020-01-27 14:00:00,67.30817663293016
2020-01-27 15:00:00,66.00064284025774
2020-01-27 16:00:00,63.61599599400993
2020-01-27 17:00:00,65.83071789662314
2020-01-27 18:00:00,59.436715870884235
2020-01-27 19:00:00,65.01393591000868
2020-01-27 20:00:00,61.61581834676751
2020-01-27 21:00:00,60.55668532703429
2020-01-27 22:00:00,64.07583243766224
2020-01-27 23:00:00,64.08765591456975
2020-01-28 00:00:00,62.80540399252921
2020-01-28 01:00:00,58.9024297786411
2020-01-28 02:00:00,63.29053948806952
2020-01-28 03:00:00,61.649403202752886
2020-01-28 04:00:00,60.74622877543207
2020-01-28 05:00:00,59.398501319007984
2020-01-28 06:00:00,62.20190018319571
2020-01-28 07:00:00,63.98852469144936
2020-01-28 08:00:00,62.195228750983325
2020-01-28 09:00:00,63.767137488706666
2020-01-28 10:00:00,61.32202803043752
2020-01-28 11:00:00,64.31766910405246
2020-01-28 12:00:00,64.79138971920722
2020-01-28 13:00:00,60.745312528742616
2020-01-28 14:00:00,61.82680624356107
2020-01-28 15:00:00,62.61771660703717
2020-01-28 16:00:00,62.833896162540356
2020-01-28 17:00:00,60.17995772358185
2020-01-28 18:00:00,59.813947919287266
2020-01-28 19:00:00,58.07230758495464
2020-01-28 20:00:00,63.07176499038725
2020-01-28 21:00:00,57.64921892578016
2020-01-28 22:00:00,60.650162502076434
2020-01-28 23:00:00,62.75324096231403
2020-01-29 00:00:00,62.67200004906831
2020-01-29 01:00:00,59.730337686549134
2020-01-29 02:00:00,59.6628581855762
2020-01-29 03:00:00,61.88162012154881
2020-01-29 04:00:00,61.91214692122243
2020-01-29 05:00:00,60.802745010222935
2020-01-29 06:00:00,58.75225947257798
2020-01-29 07:00:00,60.025546943292575
2020-01-29 08:00:00,60.52568093882104
2020-01-29 09:00:00,61.87576325846472
2020-01-29 10:00:00,58.929440922844336
2020-01-29 11:00:00,60.86543331707276
2020-01-29 12:00:00,59.41719937180212
2020-01-29 13:00:00,60.52088012390121
2020-01-29 14:00:00,60.61215376640039
2020-01-29 15:00:00,56.582154997376165
2020-01-29 16:00:00,60.359542573142924
2020-01-29 17:00:00,62.375979484389326
2020-01-29 18:00:00,60.4558288573762
2020-01-29 19:00:00,59.48361795127009
2020-01-29 20:00:00,59.32436997624963
2020-01-29 21:00:00,61.00991154546647
2020-01-29 22:00:00,58.72419716412853
2020-01-29 23:00:00,63.39758380211708
2020-01-30 00:00:00,59.54785505766681
2020-01-30 01:00:00,58.35774349675198
2020-01-30 02:00:00,58.106087546523206
2020-01-30 03:00:00,59.91510186131923
2020-01-30 04:00:00,59.34841146405166
2020-01-30 05:00:00,59.26130014700117
2020-01-30 06:00:00,60.6101956439246
2020-01-30 07:00:00,58.533037033383835
2020-01-30 08:00:00,57.50869453761429
2020-01-30 09:00:00,59.323743008183676
2020-01-30 10:00:00,63.29095250382562
2020-01-30 11:00:00,60.1851586452509
2020-01-30 12:00:00,59.12897213745815
2020-01-30 13:00:00,56.54519940724181
2020-01-30 14:00:00,62.76450948378077
2020-01-30 15:00:00,60.21138638875048
2020-01-30 16:00:00,59.29049772540465
2020-01-30 17:00:00,59.130475752965005
2020-01-30 18:00:00,55.02437187856361
2020-01-30 19:00:00,56.92380317024312
2020-01-30 20:00:00,57.301392679529414
2020-01-30 21:00:00,59.488447729503726
2020-01-30 22:00:00,57.67850192557185
2020-01-30 23:00:00,59.11363077425317
2020-01-31 00:00:00,56.90261876749444
2020-01-31 01:00:00,57.231127827833646
2020-01-31 02:00:00,57.98920090692397
2020-01-31 03:00:00,57.72796556656146
2020-01-31 04:00:00,57.770821802045155
2020-01-31 05:00:00,61.11429463923881
2020-01-31 06:00:00,56.25160072808698
2020-01-31 07:00:00,57.005936550099314
2020-01-31 08:00:00,59.516865637644656
2020-01-31 09:00:00,56.12162985603171
2020-01-31 10:00:00,57.41116405045266
2020-01-31 11:00:00,55.973815652512556
2020-01-31 12:00:00,59.68048103659985
2020-01-31 13:00:00,54.913432483637365
2020-01-31 14:00:00,58.544420525754745
2020-01-31 15:00:00,55.43409533796103
2020-01-31 16:00:00,53.25956423400359
2020-01-31 17:00:00,58.30993998077053
2020-01-31 18:00:00,61.600300904806666
2020-01-31 19:00:00,53.42770352134568
2020-01-31 20:00:00,55.326262354920814
2020-01-31 21:00:00,58.1746674626919
2020-01-31 22:00:00,52.64364677963384
2020-01-31 23:00:00,57.49004028347912
2020-02-01 00:00:00,53.63515207955099
2020-02-01 01:00:00,56.069532430701116
2020-02-01 02:00:00,51.98437005915758
2020-02-01 03:00:00,57.703990092280634
2020-02-01 04:00:00,56.88912423092089
2020-02-01 05:00:00,56.68309332564898
2020-02-01 06:00:00,55.96659172051584
2020-02-01 07:00:00,54.972513967607604
2020-02-01 08:00:00,56.338571338638424
2020-02-01 09:00:00,56.47850249346858
2020-02-01 10:00:00,56.31176900157844
2020-02-01 11:00:00,53.978507367089264
2020-02-01 12:00:00,55.35670736902425
2020-02-01 13:00:00,55.462245566136794
2020-02-01 14:00:00,54.66743080814287
2020-02-01 15:00:00,58.84609921740102
2020-02-01 16:00:00,55.71083179257291
2020-02-01 17:00:00,55.21049024423862
2020-02-01 18:00:00,56.00610493760771
2020-02-01 19:00:00,55.45345173644674
2020-02-01 20:00:00,57.12926999918556
2020-02-01 21:00:00,52.73712902229654
2020-02-01 22:00:00,53.82264609973557
2020-02-01 23:00:00,55.85958110710025
2020-02-02 00:00:00,51.359898389246574
2020-02-02 01:00:00,54.85663569457407
2020-02-02 02:00:00,55.705858708602584
2020-02-02 03:00:00,55.51312819329585
2020-02-02 04:00:00,52.885026911439056
2020-02-02 05:00:00,57.39162019583577
2020-02-02 06:00:00,55.33264768836869
2020-02-02 07:00:00,53.94318196610478
2020-02-02 08:00:00,54.19868562517369
2020-02-02 09:00:00,56.46755821673449
2020-02-02 10:00:00,53.04355799695684
2020-02-02 11:00:00,53.49302935678693
2020-02-02 12:00:00,52.18259297970689
2020-02-02 13:00:00,53.62902180734028
2020-02-02 14:00:00,53.810031363446726
2020-02-02 15:00:00,56.47594535475207
2020-02-02 16:00:00,57.67772822397442
2020-02-02 17:00:00,54.19920425327815
2020-02-02 18:00:00,56.017644809989704
2020-02-02 19:00:00,55.06947324286535
2020-02-02 20:00:00,54.840796650921334
2020-02-02 21:00:00,56.22444899864482
2020-02-02 22:00:00,56.229369114138564
2020-02-02 23:00:00,52.85845721875906
2020-02-03 00:00:00,54.629738071817656
2020-02-03 01:00:00,53.74953062152525
2020-02-03 02:00:00,52.67603642901486
2020-02-03 03:00:00,51.46459745648395
2020-02-03 04:00:00,51.81280740236757
2020-02-03 05:00:00,55.982045756992036
2020-02-03 06:00:00,53.965660304124704
2020-02-03 07:00:00,56.92887266862663
2020-02-03 08:00:00,55.261083480614964
2020-02-03 09:00:00,54.14378381623758
2020-02-03 10:00:00,51.38497822398263
2020-02-03 11:00:00,51.380191719906556
2020-02-03 12:00:00,55.36754116157565
2020-02-03 13:00:00,54.0410923382142
2020-02-03 14:00:00,58.57005875314893
2020-02-03 15:00:00,51.64727759373144
2020-02-03 16:00:00,54.84300080270878
2020-02-03 17:00:00,57.60410756824373
2020-02-03 18:00:00,55.677745994971204
2020-02-03 19:00:00,54.29938091003797
2020-02-03 20:00:00,53.76015247112668
2020-02-03 21:00:00,55.013002922666935
2020-02-03 22:00:00,54.31956249067651
2020-02-03 23:00:00,58.45708181747356
2020-02-04 00:00:00,54.44908123542842
2020-02-04 01:00:00,50.95819234661888
2020-02-04 02:00:00,59.1275639291011
2020-02-04 03:00:00,56.83132859865291
2020-02-04 04:00:00,52.48855874049084
2020-02-04 05:00:00,53.84791426630702
2020-02-04 06:00:00,54.033344983330394
2020-02-04 07:00:00,53.7451662047568
2020-02-04 08:00:00,52.716182737624244
2020-02-04 09:00:00,54.32473282117779
2020-02-04 10:00:00,50.03588072756118
2020-02-04 11:00:00,55.49207382737791
2020-02-04 12:00:00,51.61376300218578
2020-02-04 13:00:00,59.725036785732954
2020-02-04 14:00:00,52.78931574957176
2020-02-04 15:00:00,51.37915135201256
2020-02-04 16:00:00,57.22176009536236
2020-02-04 17:00:00,53.78973009888029
2020-02-04 18:00:00,55.10448230082467
2020-02-04 19:00:00,54.75196583641701
2020-02-04 20:00:00,54.83707269976371
2020-02-04 21:00:00,55.974813832181354
2020-02-04 22:00:00,55.15270839154038
2020-02-04 23:00:00,58.0479657439392
2020-02-05 00:00:00,55.63833432661732
2020-02-05 01:00:00,53.3215748026717
2020-02-05 02:00:00,57.54741342950015
2020-02-05 03:00:00,54.34433364359693
2020-02-05 04:00:00,55.16526986523622
2020-02-05 05:00:00,51.97629682458938
2020-02-05 06:00:00,58.868566775768784
2020-02-05 07:00:00,52.328684834810424
2020-02-05 08:00:00,56.62932389079094
2020-02-05 09:00:00,55.94807515942457
2020-02-05 10:00:00,49.129283407389934
2020-02-05 11:00:00,56.05261996099014
2020-02-05 12:00:00,57.637115410343874
2020-02-05 13:00:00,57.54776023222873
2020-02-05 14:00:00,53.96837360151265
2020-02-05 15:00:00,56.685179373867754
2020-02-05 16:00:00,53.95298963211926
2020-02-05 17:00:00,56.80400584608097
2020-02-05 18:00:00,57.58621466304988
2020-02-05 19:00:00,54.78202745660577
2020-02-05 20:00:00,56.38288576866856
2020-02-05 21:00:00,54.65490341631799
2020-02-05 22:00:00,59.874459123003675
2020-02-05 23:00:00,54.507531968967385
2020-02-06 00:00:00,58.473149835770286
2020-02-06 01:00:00,55.311195722602946
2020-02-06 02:00:00,54.5911944083028
2020-02-06 03:00:00,53.260793197239046
2020-02-06 04:00:00,56.4711944240029
2020-02-06 05:00:00,55.159709859701394
2020-02-06 06:00:00,56.945329060609325
2020-02-06 07:00:00,55.070749002271654
2020-02-06 08:00:00,57.97734323728751
2020-02-06 09:00:00,55.9717192715779
2020-02-06 10:00:00,54.90610504110072
2020-02-06 11:00:00,59.534552628814
2020-02-06 12:00:00,57.39495611179133
2020-02-06 13:00:00,58.78599590048804
2020-02-06 14:00:00,61.29995481896211
2020-02-06 15:00:00,55.43587922521026
2020-02-06 16:00:00,55.348558625658875
2020-02-06 17:00:00,57.92091240189541
2020-02-06 18:00:00,57.2235283030394
2020-02-06 19:00:00,54.977528178112905
2020-02-06 20:00:00,56.09989397702949
2020-02-06 21:00:00,56.441340525302884
2020-02-06 22:00:00,52.27258013532439
2020-02-06 23:00:00,57.806866638197704
2020-02-07 00:00:00,60.18433883412976
2020-02-07 01:00:00,58.047816781996914
2020-02-07 02:00:00,57.09408424370946
2020-02-07 03:00:00,55.41604947687557
2020-02-07 04:00:00,56.407953529384535
2020-02-07 05:00:00,57.64654919535352
2020-02-07 06:00:00,58.492570594018495
2020-02-07 07:00:00,54.531194336606326
2020-02-07 08:00:00,58.15684941102954
2020-02-07 09:00:00,56.51535799994402
2020-02-07 10:00:00,59.33009317883099
2020-02-07 11:00:00,58.93762819931381
2020-02-07 12:00:00,58.04580159132288
2020-02-07 13:00:00,55.794403598410796
2020-02-07 14:00:00,60.59534337209059
2020-02-07 15:00:00,61.61559378650516
2020-02-07 16:00:00,62.01051753962288
2020-02-07 17:00:00,57.906351539200095
2020-02-07 18:00:00,60.2343973128472
2020-02-07 19:00:00,57.31112546839165
2020-02-07 20:00:00,58.95776472196506
2020-02-07 21:00:00,57.55952155224735
2020-02-07 22:00:00,57.602538664598654
2020-02-07 23:00:00,60.39977746689624
2020-02-08 00:00:00,54.902587934174825
2020-02-08 01:00:00,58.84183698155507
2020-02-08 02:00:00,58.448961325075324
2020-02-08 03:00:00,61.62701948122403
2020-02-08 04:00:00,64.13060844010668
2020-02-08 05:00:00,58.43971711948711
2020-02-08 06:00:00,59.35840680240128
2020-02-08 07:00:00,61.39445025860442
2020-02-08 08:00:00,60.52791188730853
2020-02-08 09:00:00,59.248711203846696
2020-02-08 10:00:00,59.13066335474593
2020-02-08 11:00:00,60.4158371245907
2020-02-08 12:00:00,60.06300605535237
2020-02-08 13:00:00,60.433450215674206
2020-02-08 14:00:00,60.28339939014221
2020-02-08 15:00:00,61.33658185461078
2020-02-08 16:00:00,60.48951875494285
2020-02-08 17:00:00,58.892120906025504
2020-02-08 18:00:00,61.29805146909425
2020-02-08 19:00:00,61.47080400202552
2020-02-08 20:00:00,62.04283611448286
2020-02-08 21:00:00,57.30495276957898
2020-02-08 22:00:00,60.13435538438701
2020-02-08 23:00:00,59.61871823672812
2020-02-09 00:00:00,62.24673796376583
2020-02-09 01:00:00,61.982972553300236
2020-02-09 02:00:00,58.632386946337995
2020-02-09 03:00:00,59.73591278904112
2020-02-09 04:00:00,62.425709705953395
2020-02-09 05:00:00,58.72595208825814
2020-02-09 06:00:00,62.220650144682985
2020-02-09 07:00:00,61.67562209540307
2020-02-09 08:00:00,60.01373489044746
2020-02-09 09:00:00,61.55837178883076
2020-02-09 10:00:00,62.036068039575
2020-02-09 11:00:00,62.159058038288514
2020-02-09 12:00:00,63.66802354832679
2020-02-09 13:00:00,59.51167998227767
2020-02-09 14:00:00,64.51730595529915
2020-02-09 15:00:00,58.06178614372663
2020-02-09 16:00:00,65.01993359703717
2020-02-09 17:00:00,61.61913187220606
2020-02-09 18:00:00,63.01500548539165
2020-02-09 19:00:00,64.58378016839966
2020-02-09 20:00:00,61.61159309249317
2020-02-09 21:00:00,62.04435828174022
2020-02-09 22:00:00,64.36783411993545
2020-02-09 23:00:00,60.92247777836157
2020-02-10 00:00:00,61.98080426691745
2020-02-10 01:00:00,62.80383096838661
2020-02-10 02:00:00,63.9097381923134
2020-02-10 03:00:00,61.464902578751655
2020-02-10 04:00:00,63.85744267106911
2020-02-10 05:00:00,65.7687923781921
2020-02-10 06:00:00,59.801862805646564
2020-02-10 07:00:00,61.79065222830474
2020-02-10 08:00:00,62.821507922197846
2020-02-10 09:00:00,63.03332683955198
2020-02-10 10:00:00,65.07102179078476
2020-02-10 11:00:00,60.19045803028555
2020-02-10 12:00:00,58.65529454070576
2020-02-10 13:00:00,58.91059927177375
2020-02-10 14:00:00,61.18167138644603
2020-02-10 15:00:00,65.61628507553652
2020-02-10 16:00:00,62.093679017463714
2020-02-10 17:00:00,63.79942764550213
2020-02-10 18:00:00,59.27912505680226
2020-02-10 19:00:00,64.24907391858775
2020-02-10 20:00:00,61.90423311884792
2020-02-10 21:00:00,62.79647797233044
2020-02-10 22:00:00,62.96917362196922
2020-02-10 23:00:00,63.69914931132361
2020-02-11 00:00:00,63.869704703428816
2020-02-11 01:00:00,62.72165250175325
2020-02-11 02:00:00,65.67994125737604
2020-02-11 03:00:00,63.2358214338712
2020-02-11 04:00:00,64.97625465422668
2020-02-11 05:00:00,60.603997104275614
2020-02-11 06:00:00,63.24966621175669
2020-02-11 07:00:00,62.35316738917371
2020-02-11 08:00:00,64.44763675011193
2020-02-11 09:00:00,61.208463850868924
2020-02-11 10:00:00,64.97692518504924
2020-02-11 11:00:00,63.213263325105274
2020-02-11 12:00:00,65.24611900577922
2020-02-11 13:00:00,66.80995896328895
2020-02-11 14:00:00,60.14637805946274
2020-02-11 15:00:00,64.41135027972288
2020-02-11 16:00:00,63.73969155747871
2020-02-11 17:00:00,68.9872264822356
2020-02-11 18:00:00,64.7334876377133
2020-02-11 19:00:00,58.33737252899758
2020-02-11 20:00:00,63.67601718542572
2020-02-11 21:00:00,64.86016791009928
2020-02-11 22:00:00,66.36297102184619
2020-02-11 23:00:00,66.29209785359075
2020-02-12 00:00:00,66.98908008694504
2020-02-12 01:00:00,66.77815284676211
2020-02-12 02:00:00,66.29464114039784
2020-02-12 03:00:00,61.96291001281027
2020-02-12 04:00:00,61.82240379445364
2020-02-12 05:00:00,65.33693442009888
2020-02-12 06:00:00,66.02919277849388
2020-02-12 07:00:00,64.68644013181424
2020-02-12 08:00:00,66.00495221634742
2020-02-12 09:00:00,64.4420692377813
2020-02-12 10:00:00,64.35123159286601
2020-02-12 11:00:00,62.94432226661248
2020-02-12 12:00:00,69.25442910548765
2020-02-12 13:00:00,67.24435814516767
2020-02-12 14:00:00,62.70611204080357
2020-02-12 15:00:00,63.45599122978217
2020-02-12 16:00:00,63.997266262895224
2020-02-12 17:00:00,65.93109924539183
2020-02-12 18:00:00,63.7892307015439
2020-02-12 19:00:00,64.19194550725358
2020-02-12 20:00:00,66.67399490841278
2020-02-12 21:00:00,66.59637140655295
2020-02-12 22:00:00,63.223576612145465
2020-02-12 23:00:00,64.16696299107828
2020-02-13 00:00:00,66.36572316751905
2020-02-13 01:00:00,63.89045489030876
2020-02-13 02:00:00,65.59927495460296
2020-02-13 03:00:00,62.5970604638585
2020-02-13 04:00:00,61.91028915065381
2020-02-13 05:00:00,66.18426055674401
2020-02-13 06:00:00,62.27245160815453
2020-02-13 07:00:00,61.468902024655655
2020-02-13 08:00:00,63.562629720959826
2020-02-13 09:00:00,63.01441517037908
2020-02-13 10:00:00,65.59027778673565
2020-02-13 11:00:00,65.47774648492847
2020-02-13 12:00:00,63.67969712383707
2020-02-13 13:00:00,61.13695710659411
2020-02-13 14:00:00,65.76243585628477
2020-02-13 15:00:00,67.27054126404306
2020-02-13 16:00:00,58.61147285151028
2020-02-13 17:00:00,65.5841857046803
2020-02-13 18:00:00,65.17330940104989
2020-02-13 19:00:00,68.7920868846261
2020-02-13 20:00:00,63.61112510541155
2020-02-13 21:00:00,63.757592629949556
2020-02-13 22:00:00,59.91155653604073
2020-02-13 23:00:00,63.33031388864703
2020-02-14 00:00:00,64.29774706075317
2020-02-14 01:00:00,63.192548829824304
2020-02-14 02:00:00,63.150040247770626
2020-02-14 03:00:00,60.51977178097062
2020-02-14 04:00:00,63.41062990089321
2020-02-14 05:00:00,65.23026052493438
2020-02-14 06:00:00,62.96006513327918
2020-02-14 07:00:00,59.670043344135856
2020-02-14 08:00:00,64.51461448590084
2020-02-14 09:00:00,64.19122866733143
2020-02-14 10:00:00,63.022013626201804
2020-02-14 11:00:00,61.8761899099
2020-02-14 12:00:00,63.243344089719116
2020-02-14 13:00:00,60.620414680487144
2020-02-14 14:00:00,60.92879443689381
2020-02-14 15:00:00,60.831392214285636
2020-02-14 16:00:00,60.52983138698683
2020-02-14 17:00:00,62.010376739416856
2020-02-14 18:00:00,63.92078916092408
2020-02-14 19:00:00,62.04642600815931
2020-02-14 20:00:00,66.66385910482319
2020-02-14 21:00:00,62.86005168906088
2020-02-14 22:00:00,61.78953799112236
2020-02-14 23:00:00,63.93004495419252
2020-02-15 00:00:00,60.80716973464669
2020-02-15 01:00:00,62.399463139448216
2020-02-15 02:00:00,59.99621373458598
2020-02-15 03:00:00,65.52074429821556
2020-02-15 04:00:00,59.161565522888516
2020-02-15 05:00:00,63.1481544023364
2020-02-15 06:00:00,58.69653314172368
2020-02-15 07:00:00,64.64361161927177
2020-02-15 08:00:00,64.99026030841308
2020-02-15 09:00:00,63.68784329328404
2020-02-15 10:00:00,62.461305700838054
2020-02-15 11:00:00,63.77159832856099
2020-02-15 12:00:00,60.26587611720335
2020-02-15 13:00:00,61.07842418601483
2020-02-15 14:00:00,62.00967784346235
2020-02-15 15:00:00,61.66012456859533
2020-02-15 16:00:00,63.79381750416387
2020-02-15 17:00:00,58.52106355451614
2020-02-15 18:00:00,58.76208282695404
2020-02-15 19:00:00,61.5080788217422
2020-02-15 20:00:00,60.993718029801784
2020-02-15 21:00:00,58.496562104317064
2020-02-15 22:00:00,60.93369790024076
2020-02-15 23:00:00,61.20298154318578
2020-02-16 00:00:00,64.96785499031951
2020-02-16 01:00:00,64.43670649885843
2020-02-16 02:00:00,59.95103153785146
2020-02-16 03:00:00,60.57605685312985
2020-02-16 04:00:00,59.70256835938422
2020-02-16 05:00:00,60.068235391415726
2020-02-16 06:00:00,59.77451418848984
2020-02-16 07:00:00,58.30289418235324
2020-02-16 08:00:00,60.778774033412354
2020-02-16 09:00:00,59.6824538012733
2020-02-16 10:00:00,57.98624386230627
2020-02-16 11:00:00,59.916420058515584
2020-02-16 12:00:00,60.48555914564171
2020-02-16 13:00:00,58.56280076102187
2020-02-16 14:00:00,60.480754786120045
2020-02-16 15:00:00,60.83113263577358
2020-02-16 16:00:00,62.726056795824036
2020-02-16 17:00:00,60.41820424635355
2020-02-16 18:00:00,59.093430211256646
2020-02-16 19:00:00,60.35849594105835
2020-02-16 20:00:00,56.47095412828315
2020-02-16 21:00:00,61.29109510313198
2020-02-16 22:00:00,61.95665666583479
2020-02-16 23:00:00,62.70805975946812
2020-02-17 00:00:00,62.999435985149034
2020-02-17 01:00:00,61.3492748419715
2020-02-17 02:00:00,55.48153228485668
2020-02-17 03:00:00,60.82745100181329
2020-02-17 04:00:00,61.145711463461154
2020-02-17 05:00:00,60.51046300932234
2020-02-17 06:00:00,57.657446441870526
2020-02-17 07:00:00,57.66547009232936
2020-02-17 08:00:00,53.85976157717081
2020-02-17 09:00:00,59.7142899922228
2020-02-17 10:00:00,58.87121609941782
2020-02-17 11:00:00,60.70412482966123
2020-02-17 12:00:00,56.03873092622544
2020-02-17 13:00:00,60.85751460075063
2020-02-17 14:00:00,61.08591620749218
2020-02-17 15:00:00,57.87786495525983
2020-02-17 16:00:00,58.16938146758281
2020-02-17 17:00:00,55.07566702778758
2020-02-17 18:00:00,58.40478490919394
2020-02-17 19:00:00,58.57980261832456
2020-02-17 20:00:00,60.279042597990234
2020-02-17 21:00:00,60.199412273503846
2020-02-17 22:00:00,53.52082583658692
2020-02-17 23:00:00,56.20735310039512
2020-02-18 00:00:00,54.60955185872302
2020-02-18 01:00:00,56.65072311855508
2020-02-18 02:00:00,54.89679906444261
2020-02-18 03:00:00,58.32338890265248
2020-02-18 04:00:00,57.947669203899096
2020-02-18 05:00:00,57.36941417298611
2020-02-18 06:00:00,59.48506025409573
2020-02-18 07:00:00,55.10747336922663
2020-02-18 08:00:00,59.59802136864456
2020-02-18 09:00:00,57.56546490593516
2020-02-18 10:00:00,59.73952013757103
2020-02-18 11:00:00,54.180741013621585
2020-02-18 12:00:00,58.09145520946957
2020-02-18 13:00:00,59.41745638276903
2020-02-18 14:00:00,54.133596000599574
2020-02-18 15:00:00,54.29618708988419
2020-02-18 16:00:00,53.221328822897014
2020-02-18 17:00:00,55.58492352801664
2020-02-18 18:00:00,55.723488280387066
2020-02-18 19:00:00,54.72792075310252
2020-02-18 20:00:00,56.32494465060073
2020-02-18 21:00:00,53.90426212842628
2020-02-18 22:00:00,57.25948632955889
2020-02-18 23:00:00,57.97868509464876
2020-02-19 00:00:00,56.642864785983676
2020-02-19 01:00:00,55.03476434235344
2020-02-19 02:00:00,52.14207462043821
2020-02-19 03:00:00,54.87891835882186
2020-02-19 04:00:00,53.80820136145143
2020-02-19 05:00:00,57.366914776834705
2020-02-19 06:00:00,55.81553927882136
2020-02-19 07:00:00,56.77943426044698
2020-02-19 08:00:00,51.99453452900108
2020-02-19 09:00:00,57.558142806615294
2020-02-19 10:00:00,58.45879316233572
2020-02-19 11:00:00,57.81568983512473
2020-02-19 12:00:00,56.304644413686425
2020-02-19 13:00:00,53.643997736995935
2020-02-19 14:00:00,56.96172943912053
2020-02-19 15:00:00,59.15656131873551
2020-02-19 16:00:00,53.54113125185146
2020-02-19 17:00:00,52.58240217206775
2020-02-19 18:00:00,51.86398431034713
2020-02-19 19:00:00,55.624568195969495
2020-02-19 20:00:00,52.61273927987387
2020-02-19 21:00:00,55.81164246371728
2020-02-19 22:00:00,53.73457695006412
2020-02-19 23:00:00,52.48735891067284
2020-02-20 00:00:00,56.26615262651717
2020-02-20 01:00:00,56.74101212442587
2020-02-20 02:00:00,53.75679546202391
2020-02-20 03:00:00,49.27563384390733
2020-02-20 04:00:00,53.89142837931629
2020-02-20 05:00:00,55.65937734769741
2020-02-20 06:00:00,57.00656648085246
2020-02-20 07:00:00,54.76522275955779
2020-02-20 08:00:00,54.721600944963136
2020-02-20 09:00:00,51.684315018643936
2020-02-20 10:00:00,51.32092162560941
2020-02-20 11:00:00,52.70776232577642
2020-02-20 12:00:00,50.95438530816317
2020-02-20 13:00:00,53.748471882488644
2020-02-20 14:00:00,53.904556233285824
2020-02-20 15:00:00,55.57860483188796
2020-02-20 16:00:00,51.750091048142835
2020-02-20 17:00:00,52.99309871586517
2020-02-20 18:00:00,54.57978986054493
2020-02-20 19:00:00,55.80638413865966
2020-02-20 20:00:00,56.575988367563
2020-02-20 21:00:00,56.58073896605409
2020-02-20 22:00:00,55.17503536130707
2020-02-20 23:00:00,51.59720001054682
2020-02-21 00:00:00,53.86692189648251
2020-02-21 01:00:00,54.311752600183326
2020-02-21 02:00:00,54.09395916984969
2020-02-21 03:00:00,57.24391573647697
2020-02-21 04:00:00,53.5295591239688
2020-02-21 05:00:00,59.23818266681217
2020-02-21 06:00:00,54.637861021113075
2020-02-21 07:00:00,53.14921594755206
2020-02-21 08:00:00,52.73569039805695
2020-02-21 09:00:00,57.601494085660654
2020-02-21 10:00:00,56.26213685705095
2020-02-21 11:00:00,54.55248581250902
2020-02-21 12:00:00,55.97174023613771
2020-02-21 13:00:00,57.520458823973414
2020-02-21 14:00:00,52.49152435848812
2020-02-21 15:00:00,56.138514643851096
2020-02-21 16:00:00,53.352234338695304
2020-02-21 17:00:00,53.355922490297225
2020-02-21 18:00:00,53.063963101502026
2020-02-21 19:00:00,53.84983434992807
2020-02-21 20:00:00,54.052090440141384
2020-02-21 21:00:00,58.10727261599308
2020-02-21 22:00:00,55.50935806278167
2020-02-21 23:00:00,54.80285077190522
2020-02-22 00:00:00,51.02042137512587
2020-02-22 01:00:00,54.744886482099375
2020-02-22 02:00:00,55.64996120994007
2020-02-22 03:00:00,58.295929878945685
2020-02-22 04:00:00,53.86728775480895
2020-02-22 05:00:00,50.64904761922935
2020-02-22 06:00:00,51.772720220286146
2020-02-22 07:00:00,54.21108229280373
2020-02-22 08:00:00,54.348142311346805
2020-02-22 09:00:00,52.98233389743493
2020-02-22 10:00:00,53.04995359855504
2020-02-22 11:00:00,53.66948040850458
2020-02-22 12:00:00,55.14747423219542
2020-02-22 13:00:00,52.70665879286346
2020-02-22 14:00:00,53.89415256416374
2020-02-22 15:00:00,53.41939891768878
2020-02-22 16:00:00,51.59240150581294
2020-02-22 17:00:00,53.87003815027955
2020-02-22 18:00:00,54.21577516459076
2020-02-22 19:00:00,57.49757564897688
2020-02-22 20:00:00,53.47442253129588
2020-02-22 21:00:00,55.101123097091936
2020-02-22 22:00:00,51.93521820142314
2020-02-22 23:00:00,54.5158102927217
2020-02-23 00:00:00,51.91928875952141
2020-02-23 01:00:00,54.67414433181233
2020-02-23 02:00:00,56.42811491037796
2020-02-23 03:00:00,54.3893727050937
2020-02-23 04:00:00,53.50207323408452
2020-02-23 05:00:00,54.24919853579818
2020-02-23 06:00:00,55.23272079373401
2020-02-23 07:00:00,55.93306124713041
2020-02-23 08:00:00,57.24412123445664
2020-02-23 09:00:00,55.13532344244847
2020-02-23 10:00:00,54.001974701905944
2020-02-23 11:00:00,55.383170811293695
2020-02-23 12:00:00,55.762824208859875
2020-02-23 13:00:00,58.8969587471931
2020-02-23 14:00:00,58.367887445557166
2020-02-23 15:00:00,55.876761120340376
2020-02-23 16:00:00,53.73264154038841
2020-02-23 17:00:00,56.26711376678101
2020-02-23 18:00:00,54.97457043666663
2020-02-23 19:00:00,53.401596680914224
2020-02-23 20:00:00,58.85614429723477
2020-02-23 21:00:00,57.27743786601896
2020-02-23 22:00:00,55.31345470226145
2020-02-23 23:00:00,57.83337427201443
2020-02-24 00:00:00,55.84647394592894
2020-02-24 01:00:00,55.69228164689394
2020-02-24 02:00:00,52.303491641810766
2020-02-24 03:00:00,54.27312897065926
2020-02-24 04:00:00,55.480063720932144
2020-02-24 05:00:00,57.782628705011284
2020-02-24 06:00:00,55.2216240477708
2020-02-24 07:00:00,52.97593207297268
2020-02-24 08:00:00,55.01249756405728
2020-02-24 09:00:00,56.43001416965426
2020-02-24 10:00:00,51.83526408053177
2020-02-24 11:00:00,55.29344003871479
2020-02-24 12:00:00,54.874009539626385
2020-02-24 13:00:00,56.173050684796216
2020-02-24 14:00:00,58.982739232922185
2020-02-24 15:00:00,57.605863798887704
2020-02-24 16:00:00,59.94059111564117
2020-02-24 17:00:00,56.011324836930186
2020-02-24 18:00:00,60.01014193583495
2020-02-24 19:00:00,52.23043906520709
2020-02-24 20:00:00,62.18177188612601
2020-02-24 21:00:00,56.140495543094104
2020-02-24 22:00:00,58.028752489210504
2020-02-24 23:00:00,58.44950766638047
2020-02-25 00:00:00,57.44078572309989
2020-02-25 01:00:00,59.858689052901234
2020-02-25 02:00:00,60.49365318414396
2020-02-25 03:00:00,59.22714695301635
2020-02-25 04:00:00,56.18570681448715
2020-02-25 05:00:00,58.64617034623719
2020-02-25 06:00:00,60.25256220592794
2020-02-25 07:00:00,53.228579602140215
2020-02-25 08:00:00,57.00016424306167
2020-02-25 09:00:00,59.22655760069961
2020-02-25 10:00:00,54.815517555682135
2020-02-25 11:00:00,58.23504294453404
2020-02-25 12:00:00,58.67647153632481
2020-02-25 13:00:00,55.76464745207625
2020-02-25 14:00:00,58.51659367196662
2020-02-25 15:00:00,58.157824807718114
2020-02-25 16:00:00,59.50743096722967
2020-02-25 17:00:00,58.55967446953285
2020-02-25 18:00:00,56.598657212241775
2020-02-25 19:00:00,56.61793100523398
2020-02-25 20:00:00,60.40686923844786
2020-02-25 21:00:00,61.40501104576834
2020-02-25 22:00:00,59.43838616761326
2020-02-25 23:00:00,57.61221618922733
2020-02-26 00:00:00,57.20290923680403
2020-02-26 01:00:00,62.38281341344625
2020-02-26 02:00:00,61.91231079084982
2020-02-26 03:00:00,58.058973978718505
2020-02-26 04:00:00,59.390003161286465
2020-02-26 05:00:00,61.21124848834201
2020-02-26 06:00:00,64.96675333314614
2020-02-26 07:00:00,59.51264484730755
2020-02-26 08:00:00,57.99895809723777
2020-02-26 09:00:00,60.013091389895685
2020-02-26 10:00:00,59.480530952617585
2020-02-26 11:00:00,60.22511549390083
2020-02-26 12:00:00,59.45090840142828
2020-02-26 13:00:00,52.96962723635001
2020-02-26 14:00:00,60.71598250194455
2020-02-26 15:00:00,60.98728671442609
2020-02-26 16:00:00,61.218804396795356
2020-02-26 17:00:00,60.95282708571138
2020-02-26 18:00:00,67.92201685468505
2020-02-26 19:00:00,58.86293391679393
2020-02-26 20:00:00,59.93768664213372
2020-02-26 21:00:00,60.58230439151127
2020-02-26 22:00:00,59.83995972826226
2020-02-26 23:00:00,59.04887562419994
2020-02-27 00:00:00,60.181443255698625
2020-02-27 01:00:00,58.50133893455446
2020-02-27 02:00:00,64.04776542641903
2020-02-27 03:00:00,59.254743203751886
2020-02-27 04:00:00,62.75710893003425
2020-02-27 05:00:00,59.962843429891805
2020-02-27 06:00:00,58.286518639795744
2020-02-27 07:00:00,61.86042880611702
2020-02-27 08:00:00,60.275336549127175
2020-02-27 09:00:00,59.397563592400296
2020-02-27 10:00:00,62.24535075438148
2020-02-27 11:00:00,61.63025992334244
2020-02-27 12:00:00,63.979700662304296
2020-02-27 13:00:00,61.72829058918906
2020-02-27 14:00:00,61.55072384911017
2020-02-27 15:00:00,58.355390314512015
2020-02-27 16:00:00,63.056940172100724
2020-02-27 17:00:00,64.6004585061368
2020-02-27 18:00:00,62.21622248114838
2020-02-27 19:00:00,64.59444277948568
2020-02-27 20:00:00,59.884271162718115
2020-02-27 21:00:00,64.64326239348655
2020-02-27 22:00:00,59.14094593871293
2020-02-27 23:00:00,63.7247413555531
2020-02-28 00:00:00,61.934192609637904
2020-02-28 01:00:00,61.21754489962699
2020-02-28 02:00:00,65.20858651680427
2020-02-28 03:00:00,67.29892273691412
2020-02-28 04:00:00,64.04050690593319
2020-02-28 05:00:00,60.74327456549755
2020-02-28 06:00:00,62.53700826179298
2020-02-28 07:00:00,64.58355266696626
2020-02-28 08:00:00,59.47987265926483
2020-02-28 09:00:00,60.24912557998667
2020-02-28 10:00:00,61.69646064620617
2020-02-28 11:00:00,58.72494362669004
2020-02-28 12:00:00,64.79028702734843
2020-02-28 13:00:00,61.3142219321234
2020-02-28 14:00:00,59.97662574631266
2020-02-28 15:00:00,65.63721099519745
2020-02-28 16:00:00,61.788083944463
2020-02-28 17:00:00,63.52033609813682
2020-02-28 18:00:00,64.21458396735734
2020-02-28 19:00:00,62.62060873476813
2020-02-28 20:00:00,64.41414786937703
2020-02-28 21:00:00,65.58542445402887
2020-02-28 22:00:00,64.74072430941352
2020-02-28 23:00:00,63.87126260308165
2020-02-29 00:00:00,59.99596905231825
2020-02-29 01:00:00,62.11462841646123
2020-02-29 02:00:00,62.6375361760523
2020-02-29 03:00:00,65.89271723212994
2020-02-29 04:00:00,65.75685092748056
2020-02-29 05:00:00,61.8823175520577
2020-02-29 06:00:00,64.2493073820939
2020-02-29 07:00:00,61.43236601914618
2020-02-29 08:00:00,63.04599920737207
2020-02-29 09:00:00,63.31630174896838
2020-02-29 10:00:00,65.4536673427732
2020-02-29 11:00:00,62.976756784219745
2020-02-29 12:00:00,62.43435702424611
2020-02-29 13:00:00,59.707841667712714
2020-02-29 14:00:00,64.2073128988535
2020-02-29 15:00:00,65.2880459841551
2020-02-29 16:00:00,64.31027721335882
2020-02-29 17:00:00,60.437816149306926
2020-02-29 18:00:00,61.01478364580997
2020-02-29 19:00:00,66.21150871338843
2020-02-29 20:00:00,65.37289828810799
2020-02-29 21:00:00,63.991959675604335
2020-02-29 22:00:00,65.5547205257723
2020-02-29 23:00:00,65.4753277416572
2020-03-01 00:00:00,65.98491512880285
2020-03-01 01:00:00,61.02310913781489
2020-03-01 02:00:00,68.32014618684376
2020-03-01 03:00:00,65.516689306157
2020-03-01 04:00:00,61.96588772902321
2020-03-01 05:00:00,64.06684458549059
2020-03-01 06:00:00,64.70627746569393
2020-03-01 07:00:00,64.56334115549504
2020-03-01 08:00:00,60.44315611391488
2020-03-01 09:00:00,63.03503244737603
2020-03-01 10:00:00,65.03636304417606
2020-03-01 11:00:00,61.252985018620464
2020-03-01 12:00:00,68.21388719703944
2020-03-01 13:00:00,66.95045513548763
2020-03-01 14:00:00,66.35082273279288
2020-03-01 15:00:00,66.78864343063671
2020-03-01 16:00:00,63.83552891559912
2020-03-01 17:00:00,62.93534243286431
2020-03-01 18:00:00,65.29051004983394
2020-03-01 19:00:00,64.45568441491827
2020-03-01 20:00:00,63.86126590785611
2020-03-01 21:00:00,65.31283404771624
2020-03-01 22:00:00,61.47029212850147
2020-03-01 23:00:00,64.40111028891981
2020-03-02 00:00:00,64.80450132271133
2020-03-02 01:00:00,64.90537073442889
2020-03-02 02:00:00,63.533232330466284
2020-03-02 03:00:00,62.064925520950524
2020-03-02 04:00:00,66.16119889129266
2020-03-02 05:00:00,63.43839881559129
2020-03-02 06:00:00,64.21837664042323
2020-03-02 07:00:00,66.28230235137151
2020-03-02 08:00:00,66.47538274162886
2020-03-02 09:00:00,65.79866070483075
2020-03-02 10:00:00,64.48600621441425
2020-03-02 11:00:00,66.11421044635723
2020-03-02 12:00:00,62.38628553353614
2020-03-02 13:00:00,63.5668108045925
2020-03-02 14:00:00,61.758186985189084
2020-03-02 15:00:00,67.75029041609632
2020-03-02 16:00:00,60.07654324273938
2020-03-02 17:00:00,64.52347325596868
2020-03-02 18:00:00,60.300258987427114
2020-03-02 19:00:00,66.2856089795172
2020-03-02 20:00:00,61.12331156701377
2020-03-02 21:00:00,62.0406249156926
2020-03-02 22:00:00,60.37047084853926
2020-03-02 23:00:00,67.4236915610021
2020-03-03 00:00:00,65.60336120948193
2020-03-03 01:00:00,60.473019495035395
2020-03-03 02:00:00,62.51682176363069
2020-03-03 03:00:00,63.25917501956324
2020-03-03 04:00:00,64.83574605610781
2020-03-03 05:00:00,61.458001757140195
2020-03-03 06:00:00,65.65989113445654
2020-03-03 07:00:00,61.36391196602232
2020-03-03 08:00:00,63.063903649226496
2020-03-03 09:00:00,61.72837228072799
2020-03-03 10:00:00,60.82455241535702
2020-03-03 11:00:00,62.12691418200113
2020-03-03 12:00:00,63.280309087639075
2020-03-03 13:00:00,64.74272666787436
2020-03-03 14:00:00,64.81892714395408
2020-03-03 15:00:00,62.549712918263594
2020-03-03 16:00:00,63.81541170174943
2020-03-03 17:00:00,60.954230457449626
2020-03-03 18:00:00,60.97978536051371
2020-03-03 19:00:00,62.05611432421722
2020-03-03 20:00:00,60.673905036137626
2020-03-03 21:00:00,63.34328094591317
2020-03-03 22:00:00,60.055187468231445
2020-03-03 23:00:00,60.95719370169667
2020-03-04 00:00:00,62.34416924924534
2020-03-04 01:00:00,60.69579763888457
2020-03-04 02:00:00,60.07940129978318
2020-03-04 03:00:00,64.1946328158711
2020-03-04 04:00:00,58.940144767374214
2020-03-04 05:00:00,64.39002740391676
2020-03-04 06:00:00,62.097893675536284
2020-03-04 07:00:00,61.54983486417756
2020-03-04 08:00:00,64.20310330576847
2020-03-04 09:00:00,59.79756272591195
2020-03-04 10:00:00,63.327603270674246
2020-03-04 11:00:00,66.10846261738394
2020-03-04 12:00:00,61.534867904582086
2020-03-04 13:00:00,66.35108142501424
2020-03-04 14:00:00,61.41247195002903
2020-03-04 15:00:00,59.17978136966332
2020-03-04 16:00:00,61.202997977587586
2020-03-04 17:00:00,61.865995731092504
2020-03-04 18:00:00,59.955658816083144
2020-03-04 19:00:00,62.98271303894563
2020-03-04 20:00:00,60.500551200544976
2020-03-04 21:00:00,60.22976427158654
2020-03-04 22:00:00,59.833986131169915
2020-03-04 23:00:00,61.983769177563715
2020-03-05 00:00:00,62.49856605258643
2020-03-05 01:00:00,60.332345985448164
2020-03-05 02:00:00,61.09637346038278
2020-03-05 03:00:00,63.63745704651094
2020-03-05 04:00:00,65.14267294354272
2020-03-05 05:00:00,59.683947011313265
2020-03-05 06:00:00,63.79521590520107
2020-03-05 07:00:00,60.551568268797496
2020-03-05 08:00:00,59.36240140108729
2020-03-05 09:00:00,63.52251573507306
2020-03-05 10:00:00,58.74621736380476
2020-03-05 11:00:00,60.771098548447824
2020-03-05 12:00:00,56.15431940996333
2020-03-05 13:00:00,56.668747861332754
2020-03-05 14:00:00,59.67645356061501
2020-03-05 15:00:00,58.30333350329201
2020-03-05 16:00:00,61.20766593023776
2020-03-05 17:00:00,58.28617111915282
2020-03-05 18:00:00,61.241098026548094
2020-03-05 19:00:00,62.90366240072439
2020-03-05 20:00:00,56.803640549674306
2020-03-05 21:00:00,60.95492299896422
2020-03-05 22:00:00,59.0612965162022
2020-03-05 23:00:00,62.0809928668114
2020-03-06 00:00:00,62.362870351676854
2020-03-06 01:00:00,60.267536645655284
2020-03-06 02:00:00,59.79648990702579
2020-03-06 03:00:00,59.555766463844755
2020-03-06 04:00:00,57.440313303921066
2020-03-06 05:00:00,57.24961145806206
2020-03-06 06:00:00,57.42660377920923
2020-03-06 07:00:00,59.718539771760206
2020-03-06 08:00:00,54.12753075940598
2020-03-06 09:00:00,58.061290214002085
2020-03-06 10:00:00,59.00405312401246
2020-03-06 11:00:00,56.37831003579741
2020-03-06 12:00:00,59.08712271783488
2020-03-06 13:00:00,56.37056141967026
2020-03-06 14:00:00,58.50385886434864
2020-03-06 15:00:00,55.932516336707046
2020-03-06 16:00:00,57.44952539289751
2020-03-06 17:00:00,53.190961809346526
2020-03-06 18:00:00,58.901909688027665
2020-03-06 19:00:00,60.940779406957766
2020-03-06 20:00:00,57.20048861958655
2020-03-06 21:00:00,57.55069474082534
2020-03-06 22:00:00,58.801600075119374
2020-03-06 23:00:00,55.98319826203048
2020-03-07 00:00:00,55.79437670951556
2020-03-07 01:00:00,58.67105658120118
2020-03-07 02:00:00,58.36146551708398
2020-03-07 03:00:00,58.98790865809809
2020-03-07 04:00:00,58.51773649551761
2020-03-07 05:00:00,57.475104738878066
2020-03-07 06:00:00,55.44102240399638
2020-03-07 07:00:00,55.65712364626107
2020-03-07 08:00:00,56.44426001887925
2020-03-07 09:00:00,56.90094116978257
2020-03-07 10:00:00,56.77472724320289
2020-03-07 11:00:00,53.097374836706926
2020-03-07 12:00:00,54.609252999019695
2020-03-07 13:00:00,58.07887505480317
2020-03-07 14:00:00,57.183223854724
2020-03-07 15:00:00,54.44756160151457
2020-03-07 16:00:00,53.92238905247413
2020-03-07 17:00:00,58.010878461944685
2020-03-07 18:00:00,52.79683389762552
2020-03-07 19:00:00,55.67926315904224
2020-03-07 20:00:00,54.66106283306764
2020-03-07 21:00:00,55.11418527562802
2020-03-07 22:00:00,55.505670799788625
2020-03-07 23:00:00,56.48713520369289
2020-03-08 00:00:00,58.039284359775976
2020-03-08 01:00:00,54.23032765936002
2020-03-08 02:00:00,55.734767556674086
2020-03-08 03:00:00,55.028162049259414
2020-03-08 04:00:00,56.689526004290535
2020-03-08 05:00:00,57.80440402573271
2020-03-08 06:00:00,54.882742219876555
2020-03-08 07:00:00,53.69249757742479
2020-03-08 08:00:00,52.71301769709733
2020-03-08 09:00:00,55.98664333997141
2020-03-08 10:00:00,54.72986993926978
2020-03-08 11:00:00,55.83102557296279
2020-03-08 12:00:00,55.549532802168
2020-03-08 13:00:00,57.44070594434934
2020-03-08 14:00:00,50.790230293873435
2020-03-08 15:00:00,51.001345008511095
2020-03-08 16:00:00,55.05758002009176
2020-03-08 17:00:00,58.67770943533024
2020-03-08 18:00:00,56.06633780965748
2020-03-08 19:00:00,56.33747622338345
2020-03-08 20:00:00,52.78291470032772
2020-03-08 21:00:00,55.27886182532488
2020-03-08 22:00:00,56.870829289626364
2020-03-08 23:00:00,54.0089089523297
2020-03-09 00:00:00,54.70842832431981
2020-03-09 01:00:00,58.499622281356395
2020-03-09 02:00:00,59.12671393003606
2020-03-09 03:00:00,55.89409537387869
2020-03-09 04:00:00,56.1420351249791
2020-03-09 05:00:00,54.31107152854501
2020-03-09 06:00:00,56.934642426846445
2020-03-09 07:00:00,54.690102023739335
2020-03-09 08:00:00,53.94778988804139
2020-03-09 09:00:00,57.24918098875057
2020-03-09 10:00:00,57.4947243531261
2020-03-09 11:00:00,52.40983724007463
2020-03-09 12:00:00,54.378244792367674
2020-03-09 13:00:00,59.270210496649234
2020-03-09 14:00:00,56.42945131637664
2020-03-09 15:00:00,53.49883349008528
2020-03-09 16:00:00,50.91402927680548
2020-03-09 17:00:00,54.94763276192306
2020-03-09 18:00:00,52.71904741731263
2020-03-09 19:00:00,53.905355399871254
2020-03-09 20:00:00,54.66559576405865
2020-03-09 21:00:00,53.87414084223727
2020-03-09 22:00:00,53.55404902704056
2020-03-09 23:00:00,54.615148843315886
2020-03-10 00:00:00,53.93555448610506
2020-03-10 01:00:00,57.76376058643493
2020-03-10 02:00:00,54.988047686426754
2020-03-10 03:00:00,53.91040074227192
2020-03-10 04:00:00,49.60063652866139
2020-03-10 05:00:00,55.75616301875715
2020-03-10 06:00:00,52.26275346471612
2020-03-10 07:00:00,56.75509993775718
2020-03-10 08:00:00,52.44438837877642
2020-03-10 09:00:00,51.47612341858832
2020-03-10 10:00:00,52.24565391781647
2020-03-10 11:00:00,53.40073444660107
2020-03-10 12:00:00,57.774830385465215
2020-03-10 13:00:00,56.19932014353664
2020-03-10 14:00:00,52.53742298607877
2020-03-10 15:00:00,55.18443001946224
2020-03-10 16:00:00,55.8932690727827
2020-03-10 17:00:00,54.59947211136628
2020-03-10 18:00:00,55.54083486505523
2020-03-10 19:00:00,55.07887365131365
2020-03-10 20:00:00,55.59835217438642
2020-03-10 21:00:00,48.72023454184696
2020-03-10 22:00:00,54.17949512188573
2020-03-10 23:00:00,54.738454098522986
2020-03-11 00:00:00,53.20008068916986
2020-03-11 01:00:00,54.671497110179686
2020-03-11 02:00:00,54.016825112969606
2020-03-11 03:00:00,53.32683381176909
2020-03-11 04:00:00,56.868283396259024
2020-03-11 05:00:00,54.878584273623176
2020-03-11 06:00:00,51.49118210708629
2020-03-11 07:00:00,54.279694494430935
2020-03-11 08:00:00,53.80648116588896
2020-03-11 09:00:00,57.100577936401315
2020-03-11 10:00:00,55.75927346591399
2020-03-11 11:00:00,54.50810434869512
2020-03-11 12:00:00,54.43494843663306
2020-03-11 13:00:00,55.921691633070445
2020-03-11 14:00:00,53.829953529561124
2020-03-11 15:00:00,55.21568312656967
2020-03-11 16:00:00,56.84641241140498
2020-03-11 17:00:00,55.228578725658025
2020-03-11 18:00:00,57.6114683093401
2020-03-11 19:00:00,53.50995563078623
2020-03-11 20:00:00,54.287573448899764
2020-03-11 21:00:00,52.76999438974551
2020-03-11 22:00:00,58.24126377529199
2020-03-11 23:00:00,53.235323256721955
2020-03-12 00:00:00,57.76004286557834
2020-03-12 01:00:00,57.25323630040841
2020-03-12 02:00:00,52.35016394436899
2020-03-12 03:00:00,56.66019813428576
2020-03-12 04:00:00,54.736972654868694
2020-03-12 05:00:00,54.49573403339637
2020-03-12 06:00:00,57.34595192147973
2020-03-12 07:00:00,56.40096723239438
2020-03-12 08:00:00,54.34232502792937
2020-03-12 09:00:00,51.87494761777287
2020-03-12 10:00:00,55.03581659205006
2020-03-12 11:00:00,56.64381143324488
2020-03-12 12:00:00,53.01517997946837
2020-03-12 13:00:00,56.616532172855145
2020-03-12 14:00:00,53.13594798213771
2020-03-12 15:00:00,54.52889182429189
2020-03-12 16:00:00,56.38350639404153
2020-03-12 17:00:00,57.78368128420273
2020-03-12 18:00:00,55.8727093353251
2020-03-12 19:00:00,53.08168858331742
2020-03-12 20:00:00,53.427155045042355
2020-03-12 21:00:00,59.77577939510301
2020-03-12 22:00:00,56.06273233599095
2020-03-12 23:00:00,57.06610807877265
2020-03-13 00:00:00,57.88917093568853
2020-03-13 01:00:00,56.67968382069389
2020-03-13 02:00:00,57.71458670748841
2020-03-13 03:00:00,59.099925793634
2020-03-13 04:00:00,54.047574259648485
2020-03-13 05:00:00,55.32421656059248
2020-03-13 06:00:00,54.36092151100877
2020-03-13 07:00:00,59.32941593033241
2020-03-13 08:00:00,58.80554898612898
2020-03-13 09:00:00,55.28444858335194
2020-03-13 10:00:00,56.40588910468333
2020-03-13 11:00:00,54.426368839533524
2020-03-13 12:00:00,57.373902199799126
2020-03-13 13:00:00,57.238067859819246
2020-03-13 14:00:00,55.79608677140612
2020-03-13 15:00:00,58.69990198614737
2020-03-13 16:00:00,53.818596305955275
2020-03-13 17:00:00,58.95623419460973
2020-03-13 18:00:00,56.383647810600515
2020-03-13 19:00:00,57.320493931841646
2020-03-13 20:00:00,55.616850561791416
2020-03-13 21:00:00,60.13988978167362
2020-03-13 22:00:00,57.8583606054536
2020-03-13 23:00:00,55.38284942187029
2020-03-14 00:00:00,56.73886273444363
2020-03-14 01:00:00,58.49147657635587
2020-03-14 02:00:00,54.76044758087506
2020-03-14 03:00:00,57.113556496357454
2020-03-14 04:00:00,55.68693469857612
2020-03-14 05:00:00,56.89862532906161
2020-03-14 06:00:00,60.54167666121911
2020-03-14 07:00:00,56.75383883581633
2020-03-14 08:00:00,57.630939340246464
2020-03-14 09:00:00,55.83407675661724
2020-03-14 10:00:00,57.38190307328984
2020-03-14 11:00:00,54.505177304086864
2020-03-14 12:00:00,59.002575045737395
2020-03-14 13:00:00,57.24163290330109
2020-03-14 14:00:00,57.418505348663345
2020-03-14 15:00:00,58.21027367944919
2020-03-14 16:00:00,57.019138574009006
2020-03-14 17:00:00,60.25334375475974
2020-03-14 18:00:00,60.89272794264813
2020-03-14 19:00:00,60.61026627612646
2020-03-14 20:00:00,58.73001758294583
2020-03-14 21:00:00,58.66246832784507
2020-03-14 22:00:00,59.26464234656098
2020-03-14 23:00:00,59.212569509129054
2020-03-15 00:00:00,56.25235989987178
2020-03-15 01:00:00,57.62634828818276
2020-03-15 02:00:00,58.21443147786539
2020-03-15 03:00:00,57.55146049945339
2020-03-15 04:00:00,58.95292544939685
2020-03-15 05:00:00,61.34836834659504
2020-03-15 06:00:00,58.118491511199586
2020-03-15 07:00:00,58.27826116031115
2020-03-15 08:00:00,60.39152235213699
2020-03-15 09:00:00,63.53193783709914
2020-03-15 10:00:00,57.68129650482218
2020-03-15 11:00:00,61.382507127012936
2020-03-15 12:00:00,58.04934482122805
2020-03-15 13:00:00,57.600904319427805
2020-03-15 14:00:00,58.359731930682145
2020-03-15 15:00:00,58.936121704861016
2020-03-15 16:00:00,57.24777571281325
2020-03-15 17:00:00,62.3088889840022
2020-03-15 18:00:00,58.01942326990699
2020-03-15 19:00:00,62.54326132881611
2020-03-15 20:00:00,64.07710587578191
2020-03-15 21:00:00,59.173319929201114
2020-03-15 22:00:00,59.59078270026917
2020-03-15 23:00:00,59.192082645077285
2020-03-16 00:00:00,63.455389952371256
2020-03-16 01:00:00,59.42032126876258
2020-03-16 02:00:00,60.97476379675094
2020-03-16 03:00:00,63.45695490831156
2020-03-16 04:00:00,63.53739446300084
2020-03-16 05:00:00,62.72701335139663
2020-03-16 06:00:00,60.61682285757762
2020-03-16 07:00:00,63.916889262194054
2020-03-16 08:00:00,57.93544251457921
2020-03-16 09:00:00,65.09871379643965
2020-03-16 10:00:00,61.13464920592972
2020-03-16 11:00:00,63.55865693905271
2020-03-16 12:00:00,63.19640430702597
2020-03-16 13:00:00,59.21905046934476
2020-03-16 14:00:00,62.425878145098416
2020-03-16 15:00:00,62.95381967510097
2020-03-16 16:00:00,62.97502246293709
2020-03-16 17:00:00,63.13344789852527
2020-03-16 18:00:00,62.93547392273925
2020-03-16 19:00:00,60.81133541567881
2020-03-16 20:00:00,62.00892874759097
2020-03-16 21:00:00,64.49756887775146
2020-03-16 22:00:00,60.41471960381119
2020-03-16 23:00:00,64.267787383827
2020-03-17 00:00:00,61.37383246599967
2020-03-17 01:00:00,62.937705880203346
2020-03-17 02:00:00,61.92129596530812
2020-03-17 03:00:00,59.9286713232184
2020-03-17 04:00:00,65.66678903435827
2020-03-17 05:00:00,64.92842513371352
2020-03-17 06:00:00,63.58813145468147
2020-03-17 07:00:00,64.3660639160515
2020-03-17 08:00:00,64.91121985753692
2020-03-17 09:00:00,63.904952413803244
2020-03-17 10:00:00,62.51339430093533
2020-03-17 11:00:00,61.690474820495936
2020-03-17 12:00:00,64.8442169016403
2020-03-17 13:00:00,63.17154488020416
2020-03-17 14:00:00,65.62233064229623
2020-03-17 15:00:00,64.97348842210114
2020-03-17 16:00:00,61.48743906577887
2020-03-17 17:00:00,64.69527409306606
2020-03-17 18:00:00,63.51198700219445
2020-03-17 19:00:00,67.12475259300949
2020-03-17 20:00:00,63.56616092493153
2020-03-17 21:00:00,64.82301572352233
2020-03-17 22:00:00,64.76919482825967
2020-03-17 23:00:00,65.68203513661783
2020-03-18 00:00:00,64.24339243136944
2020-03-18 01:00:00,60.856332003672776
2020-03-18 02:00:00,60.618300055892476
2020-03-18 03:00:00,63.578349817296925
2020-03-18 04:00:00,64.09951292395151
2020-03-18 05:00:00,62.173841743198004
2020-03-18 06:00:00,62.77778268636722
2020-03-18 07:00:00,61.68045333381754
2020-03-18 08:00:00,64.34053627047426
2020-03-18 09:00:00,61.066374910244335
2020-03-18 10:00:00,62.44540686179167
2020-03-18 11:00:00,64.02202137049885
2020-03-18 12:00:00,62.069939334864365
2020-03-18 13:00:00,60.81330047629051
2020-03-18 14:00:00,60.81753673468093
2020-03-18 15:00:00,64.93780340421026
2020-03-18 16:00:00,62.815076822470765
2020-03-18 17:00:00,62.21913712103807
2020-03-18 18:00:00,65.3697096528965
2020-03-18 19:00:00,66.05918642113636
2020-03-18 20:00:00,65.49120825002584
2020-03-18 21:00:00,62.91822621081376
2020-03-18 22:00:00,66.42579456216325
2020-03-18 23:00:00,65.11188899828946
2020-03-19 00:00:00,64.32459777546907
2020-03-19 01:00:00,62.81954898703542
2020-03-19 02:00:00,67.2652499574083
2020-03-19 03:00:00,64.7592689075553
2020-03-19 04:00:00,62.890505844176104
2020-03-19 05:00:00,65.1169042645662
2020-03-19 06:00:00,64.33017828725059
2020-03-19 07:00:00,65.14762676288036
2020-03-19 08:00:00,63.01729292363439
2020-03-19 09:00:00,68.46586266016129
2020-03-19 10:00:00,62.70004715812144
2020-03-19 11:00:00,62.68810763411812
2020-03-19 12:00:00,65.60172703717664
2020-03-19 13:00:00,65.89877612161001
2020-03-19 14:00:00,62.812649933740786
2020-03-19 15:00:00,63.938572626470986
2020-03-19 16:00:00,65.16935692592934
2020-03-19 17:00:00,62.28491649672262
2020-03-19 18:00:00,63.123019350400234
2020-03-19 19:00:00,61.38036559021426
2020-03-19 20:00:00,64.55852799865298
2020-03-19 21:00:00,67.07109308696323
2020-03-19 22:00:00,66.24373343706174
2020-03-19 23:00:00,63.29155467973778
2020-03-20 00:00:00,64.83078939126264
2020-03-20 01:00:00,64.57530163235643
2020-03-20 02:00:00,61.543837776457416
2020-03-20 03:00:00,62.349924193398685
2020-03-20 04:00:00,63.47717859047041
2020-03-20 05:00:00,63.97910794112851
2020-03-20 06:00:00,61.6840275278261
2020-03-20 07:00:00,60.017850146388106
2020-03-20 08:00:00,65.66827186217276
2020-03-20 09:00:00,64.31689166692212
2020-03-20 10:00:00,62.77140163572748
2020-03-20 11:00:00,65.91806302579195
2020-03-20 12:00:00,60.84668168695055
2020-03-20 13:00:00,61.549279826833825
2020-03-20 14:00:00,65.03361357738626
2020-03-20 15:00:00,65.03658423004224
2020-03-20 16:00:00,60.85227361338961
2020-03-20 17:00:00,67.12661670901402
2020-03-20 18:00:00,61.23021649833409
2020-03-20 19:00:00,64.23493842427744
2020-03-20 20:00:00,66.47433248205186
2020-03-20 21:00:00,61.52571415238832
2020-03-20 22:00:00,65.53842410845364
2020-03-20 23:00:00,60.99746780061822
2020-03-21 00:00:00,61.33618181297653
2020-03-21 01:00:00,61.625393541096855
2020-03-21 02:00:00,67.97561873003995
2020-03-21 03:00:00,63.70844675132189
2020-03-21 04:00:00,64.04803510172879
2020-03-21 05:00:00,62.8532340153607
2020-03-21 06:00:00,65.72912237209448
2020-03-21 07:00:00,61.227484972516145
2020-03-21 08:00:00,60.474079115483406
2020-03-21 09:00:00,63.48573473295288
2020-03-21 10:00:00,60.451418644952966
2020-03-21 11:00:00,60.701995053177946
2020-03-21 12:00:00,63.82982393924487
2020-03-21 13:00:00,62.059611742884464
2020-03-21 14:00:00,64.40043930663795
2020-03-21 15:00:00,63.66930324509556
2020-03-21 16:00:00,59.202329372004144
2020-03-21 17:00:00,62.598490529783845
2020-03-21 18:00:00,62.34813779249754
2020-03-21 19:00:00,62.75222992006564
2020-03-21 20:00:00,61.785190887230144
2020-03-21 21:00:00,60.14501076839827
2020-03-21 22:00:00,63.554109462458605
2020-03-21 23:00:00,62.71309171297993
2020-03-22 00:00:00,63.91176459119129
2020-03-22 01:00:00,61.53317061446602
2020-03-22 02:00:00,64.10954552278015
2020-03-22 03:00:00,63.574935899039765
2020-03-22 04:00:00,64.77454515831766
2020-03-22 05:00:00,63.51045907460602
2020-03-22 06:00:00,61.467356549733246
2020-03-22 07:00:00,59.78218142603461
2020-03-22 08:00:00,63.00391225090227
2020-03-22 09:00:00,61.964172389852074
2020-03-22 10:00:00,62.046774701834906
2020-03-22 11:00:00,59.121037116018016
2020-03-22 12:00:00,59.00074232854409
2020-03-22 13:00:00,60.42147581525517
2020-03-22 14:00:00,60.0918685685664
2020-03-22 15:00:00,62.20018925627605
2020-03-22 16:00:00,61.371880655758225
2020-03-22 17:00:00,63.287253676592634
2020-03-22 18:00:00,60.07278573983132
2020-03-22 19:00:00,60.3026705996725
2020-03-22 20:00:00,61.722720232133426
2020-03-22 21:00:00,62.074451989974385
2020-03-22 22:00:00,60.710983387335865
2020-03-22 23:00:00,63.51993373918539
2020-03-23 00:00:00,61.15865015314517
2020-03-23 01:00:00,62.36186276587516
2020-03-23 02:00:00,61.655512322526306
2020-03-23 03:00:00,58.867335177301854
2020-03-23 04:00:00,60.51825745460598
2020-03-23 05:00:00,60.09843116490383
2020-03-23 06:00:00,58.783260403387864
2020-03-23 07:00:00,58.26343902669861
2020-03-23 08:00:00,61.90164317909925
2020-03-23 09:00:00,59.973373594580714
2020-03-23 10:00:00,57.80318019901112
2020-03-23 11:00:00,59.64126294994168
2020-03-23 12:00:00,56.639437442235966
2020-03-23 13:00:00,57.066493684952654
2020-03-23 14:00:00,62.21660245061851
2020-03-23 15:00:00,64.16612318740712
2020-03-23 16:00:00,58.48854354600554
2020-03-23 17:00:00,56.560501733807456
2020-03-23 18:00:00,57.67979947821403
2020-03-23 19:00:00,61.729496838631874
2020-03-23 20:00:00,64.9813655532167
2020-03-23 21:00:00,58.016369188558755
2020-03-23 22:00:00,58.308292874531006
2020-03-23 23:00:00,60.279418810266485
2020-03-24 00:00:00,60.75560289106952
2020-03-24 01:00:00,56.49120843320489
2020-03-24 02:00:00,59.26785025265333
2020-03-24 03:00:00,55.841717677251374
2020-03-24 04:00:00,58.43588148675484
2020-03-24 05:00:00,60.29994571362642
2020-03-24 06:00:00,59.202690020143535
2020-03-24 07:00:00,56.3200799174058
2020-03-24 08:00:00,56.348010649168835
2020-03-24 09:00:00,59.01904255869507
2020-03-24 10:00:00,61.80459962302192
2020-03-24 11:00:00,61.91755978058371
2020-03-24 12:00:00,59.04755132989059
2020-03-24 13:00:00,57.72075076266347
2020-03-24 14:00:00,56.85048654695782
2020-03-24 15:00:00,58.62666093503087
2020-03-24 16:00:00,57.133623442682676
2020-03-24 17:00:00,59.327151594755414
2020-03-24 18:00:00,58.74594155903677
2020-03-24 19:00:00,57.531856251440246
2020-03-24 20:00:00,58.87189175869382
2020-03-24 21:00:00,57.48398139739138
2020-03-24 22:00:00,59.00752744324325
2020-03-24 23:00:00,60.3148666803146
2020-03-25 00:00:00,58.05060978301564
2020-03-25 01:00:00,54.869612063869425
2020-03-25 02:00:00,57.046454581392
2020-03-25 03:00:00,54.35643953608776
2020-03-25 04:00:00,57.517558289028116
2020-03-25 05:00:00,57.82047649465561
2020-03-25 06:00:00,56.07268079238162
2020-03-25 07:00:00,57.420191281216084
2020-03-25 08:00:00,57.400083634772294
2020-03-25 09:00:00,57.53714240991103
2020-03-25 10:00:00,57.65772861876214
2020-03-25 11:00:00,56.414571052908954
2020-03-25 12:00:00,56.87594281628428
2020-03-25 13:00:00,58.183383829720384
2020-03-25 14:00:00,56.3264301137424
2020-03-25 15:00:00,54.537722734052814
2020-03-25 16:00:00,57.4414644949469
2020-03-25 17:00:00,55.103343501523035
2020-03-25 18:00:00,57.73493052005213
2020-03-25 19:00:00,58.113165116773814
2020-03-25 20:00:00,56.712562283489675
2020-03-25 21:00:00,57.439075896514844
2020-03-25 22:00:00,57.42662673048366
2020-03-25 23:00:00,55.2047766889564
2020-03-26 00:00:00,52.55692004207278
2020-03-26 01:00:00,57.66344742672971
2020-03-26 02:00:00,56.58464305833224
2020-03-26 03:00:00,56.76713257096655
2020-03-26 04:00:00,52.16659011893214
2020-03-26 05:00:00,57.38315187048757
2020-03-26 06:00:00,58.374539964575405
2020-03-26 07:00:00,54.000277911005256
2020-03-26 08:00:00,55.132658877412084
2020-03-26 09:00:00,58.055197164536395
2020-03-26 10:00:00,55.24510250504908
2020-03-26 11:00:00,54.677531213158304
2020-03-26 12:00:00,51.906159056447166
2020-03-26 13:00:00,53.803988285837036
2020-03-26 14:00:00,57.644873627840255
2020-03-26 15:00:00,55.34080205024606
2020-03-26 16:00:00,58.3410347526025
2020-03-26 17:00:00,53.85424334040931
2020-03-26 18:00:00,54.753927799748176
2020-03-26 19:00:00,59.35291898642109
2020-03-26 20:00:00,52.61294267415576
2020-03-26 21:00:00,55.61067538427863
2020-03-26 22:00:00,54.40829010793211
2020-03-26 23:00:00,56.95595178459586
2020-03-27 00:00:00,53.28676839254727
2020-03-27 01:00:00,54.40893655915571
2020-03-27 02:00:00,58.41589831475008
2020-03-27 03:00:00,51.6741358641056
2020-03-27 04:00:00,54.85585242568047
2020-03-27 05:00:00,54.65146889927809
2020-03-27 06:00:00,55.263188365122225
2020-03-27 07:00:00,54.23142580503772
2020-03-27 08:00:00,58.68859512736545
2020-03-27 09:00:00,54.90311646310844
2020-03-27 10:00:00,54.70505114552904
2020-03-27 11:00:00,55.841674198355584
2020-03-27 12:00:00,54.26326481064957
2020-03-27 13:00:00,54.43551637116536
2020-03-27 14:00:00,55.46337973520696
2020-03-27 15:00:00,54.57091801488731
2020-03-27 16:00:00,54.4364439760439
2020-03-27 17:00:00,54.2922623046173
2020-03-27 18:00:00,55.679715126648766
2020-03-27 19:00:00,54.02097434701678
2020-03-27 20:00:00,52.81911944986592
2020-03-27 21:00:00,53.098229798139805
2020-03-27 22:00:00,52.895794297730006
2020-03-27 23:00:00,55.17961591584998
2020-03-28 00:00:00,50.94820039344137
2020-03-28 01:00:00,55.1401338311637
2020-03-28 02:00:00,50.712969648507695
2020-03-28 03:00:00,51.39776653625448
2020-03-28 04:00:00,54.46160179783813
2020-03-28 05:00:00,53.60352847204226
2020-03-28 06:00:00,54.16967955490987
2020-03-28 07:00:00,54.55040608533228
2020-03-28 08:00:00,52.720549644081856
2020-03-28 09:00:00,55.65976766107131
2020-03-28 10:00:00,54.46799913520109
2020-03-28 11:00:00,51.94120110950033
2020-03-28 12:00:00,54.8361908921296
2020-03-28 13:00:00,53.95642980837842
2020-03-28 14:00:00,53.936038166957744
2020-03-28 15:00:00,54.33344993833684
2020-03-28 16:00:00,54.21327535015017
2020-03-28 17:00:00,51.71899843861008
2020-03-28 18:00:00,54.17117733217262
2020-03-28 19:00:00,53.098746231739604
2020-03-28 20:00:00,52.556744533435044
2020-03-28 21:00:00,52.321703942923925
2020-03-28 22:00:00,55.003034279510594
2020-03-28 23:00:00,54.31992447346317
2020-03-29 00:00:00,53.70967784584147
2020-03-29 01:00:00,50.345363259823145
2020-03-29 02:00:00,55.933518789146554
2020-03-29 03:00:00,52.64731467271751
2020-03-29 04:00:00,52.81749309339402
2020-03-29 05:00:00,58.22196515133944
2020-03-29 06:00:00,54.736296479298886
2020-03-29 07:00:00,52.89764667239964
2020-03-29 08:00:00,56.418149165738875
2020-03-29 09:00:00,56.29956179881377
2020-03-29 10:00:00,52.55224760696821
2020-03-29 11:00:00,50.69276981157661
2020-03-29 12:00:00,50.77381509665902
2020-03-29 13:00:00,57.64258878478222
2020-03-29 14:00:00,58.73522711006726
2020-03-29 15:00:00,55.837121363576486
2020-03-29 16:00:00,56.6852426633514
2020-03-29 17:00:00,55.12970983636115
2020-03-29 18:00:00,55.12602504273826
2020-03-29 19:00:00,53.48475585786918
2020-03-29 20:00:00,53.73279025879081
2020-03-29 21:00:00,55.541895040138066
2020-03-29 22:00:00,54.02951403681012
2020-03-29 23:00:00,59.36806741744586
2020-03-30 00:00:00,56.79178982702727
2020-03-30 01:00:00,55.66327841115346
2020-03-30 02:00:00,54.263564769773424
2020-03-30 03:00:00,54.5059064783827
2020-03-30 04:00:00,53.99757991067496
2020-03-30 05:00:00,55.03271577424809
2020-03-30 06:00:00,57.35673275495292
2020-03-30 07:00:00,57.13789704567256
2020-03-30 08:00:00,53.10617776334966
2020-03-30 09:00:00,56.729167457635704
2020-03-30 10:00:00,55.1687616893411
2020-03-30 11:00:00,55.18291519481202
2020-03-30 12:00:00,55.28000021252563
2020-03-30 13:00:00,56.869898686051165
2020-03-30 14:00:00,56.06146853017615
2020-03-30 15:00:00,55.2878842366003
2020-03-30 16:00:00,53.128286537424785
2020-03-30 17:00:00,56.10337688860617
2020-03-30 18:00:00,56.41257060112223
2020-03-30 19:00:00,55.29809303099097
2020-03-30 20:00:00,57.47393518591955
2020-03-30 21:00:00,54.48583960284236
2020-03-30 22:00:00,52.071658058659295
2020-03-30 23:00:00,57.40842836899334
2020-03-31 00:00:00,56.06231042357461
2020-03-31 01:00:00,54.71455294704113
2020-03-31 02:00:00,51.41481338431944
2020-03-31 03:00:00,54.569371820551844
2020-03-31 04:00:00,56.844762794110125
2020-03-31 05:00:00,49.959800101764394
2020-03-31 06:00:00,54.722081076323505
2020-03-31 07:00:00,56.71307446708988
2020-03-31 08:00:00,57.24539491122603
2020-03-31 09:00:00,55.44419613813917
2020-03-31 10:00:00,60.84892985885243
2020-03-31 11:00:00,55.97009880411371
2020-03-31 12:00:00,58.248000010764656
2020-03-31 13:00:00,56.28817469144299
2020-03-31 14:00:00,56.22893792225137
2020-03-31 15:00:00,58.18832058940725
2020-03-31 16:00:00,57.57818598214192
2020-03-31 17:00:00,58.68617759869686
2020-03-31 18:00:00,60.688199770150916
2020-03-31 19:00:00,56.11621158270563
2020-03-31 20:00:00,53.46204470398344
2020-03-31 21:00:00,55.76921742082374
2020-03-31 22:00:00,59.664852899990386
2020-03-31 23:00:00,59.34467002921564
2020-04-01 00:00:00,55.66346685963412
2020-04-01 01:00:00,59.12277361146479
2020-04-01 02:00:00,55.14642645848212
2020-04-01 03:00:00,57.40541021971467
2020-04-01 04:00:00,58.17826106875762
2020-04-01 05:00:00,56.66343944214488
2020-04-01 06:00:00,56.49070399078888
2020-04-01 07:00:00,58.77682663601029
2020-04-01 08:00:00,53.9531343462954
2020-04-01 09:00:00,53.52969904501281
2020-04-01 10:00:00,56.95241644813778
2020-04-01 11:00:00,59.15888985432886
2020-04-01 12:00:00,59.15266132099482
2020-04-01 13:00:00,58.303134329927325
2020-04-01 14:00:00,58.063470974060486
2020-04-01 15:00:00,59.38592322523243
2020-04-01 16:00:00,58.40818901475047
2020-04-01 17:00:00,60.42773625307929
2020-04-01 18:00:00,58.0309974366813
2020-04-01 19:00:00,58.17931610728756
2020-04-01 20:00:00,62.707983875267686
2020-04-01 21:00:00,60.456868211000895
2020-04-01 22:00:00,56.959025353076434
2020-04-01 23:00:00,56.88055759667705
